,a_rouge_1s,b_rouge_1s,a_rouge_2s,b_rouge_2s,a_rouge_ls,b_rouge_ls,a_bleus,b_bleus,a_bert_scores,b_bert_scores
0,0.47999998927116394,0.24242424964904785,0.17391304671764374,0.12903225421905518,0.4000000059604645,0.24242424964904785,0.0,0.0,0.6788266897201538,0.6268805861473083
1,0.7692307829856873,0.7272727489471436,0.5454545617103577,0.6000000238418579,0.7692307829856873,0.6363636255264282,0.0,0.19209534151258667,0.8251602649688721,0.7840254306793213
2,0.31578946113586426,0.7200000286102295,0.11764705926179886,0.43478259444236755,0.21052631735801697,0.6399999856948853,0.0,0.36191740494054164,0.6466395258903503,0.7478944659233093
3,0.2666666805744171,0.5625,0.095238097012043,0.2666666805744171,0.260869562625885,0.3125,0.0,0.0,0.6726323366165161,0.6951723694801331
4,0.5333333611488342,0.42424243688583374,0.1538461595773697,0.25806450843811035,0.4000000059604645,0.42424243688583374,0.0,0.22374677077485583,0.7690557241439819,0.7774280905723572
5,0.5,0.5,0.2222222238779068,0.07692307978868484,0.5,0.5,0.0,0.0,0.7942219972610474,0.7918184399604797
6,0.5,0.23076923191547394,0.2857142984867096,0.0833333358168602,0.5,0.23076923191547394,0.0,0.0,0.7582988739013672,0.6841425895690918
7,0.5,0.5384615659713745,0.3636363744735718,0.3333333432674408,0.4615384638309479,0.4615384638309479,0.0,0.21893219730044317,0.7014329433441162,0.6769858002662659
8,0.3333333432674408,0.7407407164573669,0.25,0.47999998927116394,0.3333333432674408,0.7407407164573669,0.0,0.0,0.6849871873855591,0.8102684020996094
9,0.38461539149284363,0.375,0.1666666716337204,0.12121212482452393,0.17391304671764374,0.3125,0.0,0.0,0.692438542842865,0.7112605571746826
10,0.4444444477558136,0.29629629850387573,0.375,0.23999999463558197,0.4444444477558136,0.29629629850387573,0.0,0.14962848372546667,0.7073297500610352,0.6725342869758606
11,0.4285714328289032,0.3333333432674408,0.1666666716337204,0.09090909361839294,0.4285714328289032,0.3333333432674408,0.0,0.0,0.707456648349762,0.7184839844703674
12,0.31578946113586426,0.5185185074806213,0.0833333358168602,0.4000000059604645,0.23076923191547394,0.5185185074806213,0.0,0.4601426281011537,0.6504968404769897,0.7847841382026672
13,0.4000000059604645,0.6842105388641357,0.190476194024086,0.5,0.2666666805744171,0.5263158082962036,0.0,0.32329508170352383,0.7023907899856567,0.7942804098129272
14,0.800000011920929,0.52173912525177,0.6153846383094788,0.380952388048172,0.800000011920929,0.52173912525177,0.0,0.29694551474502373,0.8795065879821777,0.7901961803436279
15,0.19354838132858276,0.46666666865348816,0.13793103396892548,0.2142857164144516,0.19354838132858276,0.46666666865348816,0.0,0.36081212929275525,0.6321139931678772,0.7035450339317322
16,0.25,0.5600000023841858,0.0,0.260869562625885,0.25,0.4000000059604645,0.0,0.0,0.6994690299034119,0.7447550892829895
17,0.23529411852359772,0.38461539149284363,0.13333334028720856,0.08695652335882187,0.23529411852359772,0.2702702581882477,0.0,0.0,0.6077440977096558,0.6527551412582397
18,0.6666666865348816,0.44999998807907104,0.375,0.15789473056793213,0.4444444477558136,0.3499999940395355,0.0,0.0,0.7640380859375,0.6907875537872314
19,0.4000000059604645,0.4000000059604645,0.0,0.17391304671764374,0.2666666805744171,0.4000000059604645,0.0,0.0,0.6767686009407043,0.7420646548271179
20,0.4285714328289032,0.4000000059604645,0.1666666716337204,0.08695652335882187,0.4285714328289032,0.3199999928474426,0.0,0.0,0.8035888671875,0.6801422238349915
21,0.2857142984867096,0.48275861144065857,0.0,0.2222222238779068,0.190476194024086,0.3448275923728943,0.0,0.0,0.6032841205596924,0.6825434565544128
22,0.6666666865348816,0.7058823704719543,0.4615384638309479,0.4375,0.6666666865348816,0.47058823704719543,0.0,0.21424725450501572,0.7979936599731445,0.7182663679122925
23,0.6363636255264282,0.4166666567325592,0.4444444477558136,0.27272728085517883,0.5454545617103577,0.4166666567325592,0.0,0.0,0.7427473068237305,0.7141476273536682
24,0.5263158082962036,0.4615384638309479,0.11764705926179886,0.0833333358168602,0.42105263471603394,0.38461539149284363,0.0,0.0,0.736538290977478,0.6712612509727478
25,0.47058823704719543,0.6666666865348816,0.1666666716337204,0.6086956262588501,0.3529411852359772,0.6399999856948853,0.0,0.49777293475833434,0.7147191762924194,0.7885134816169739
26,0.5263158082962036,0.47999998927116394,0.3529411852359772,0.08695652335882187,0.38461539149284363,0.25,0.0,0.0,0.7386515140533447,0.701526939868927
27,0.190476194024086,0.3076923191547394,0.07692307978868484,0.12903225421905518,0.1428571492433548,0.3030303120613098,0.0,0.0,0.6111262440681458,0.6905941963195801
28,0.30000001192092896,0.5833333134651184,0.0,0.3636363744735718,0.20000000298023224,0.5,0.0,0.42794691107478805,0.6638304591178894,0.8194836378097534
29,0.3076923191547394,0.32258063554763794,0.0,0.07999999821186066,0.3076923191547394,0.32258063554763794,0.0,0.0,0.7021822929382324,0.6049320101737976
30,0.3125,0.4285714328289032,0.13333334028720856,0.15789473056793213,0.1875,0.2857142984867096,0.0,0.26699675743024226,0.6394983530044556,0.6858700513839722
31,0.4000000059604645,0.5517241358757019,0.13333334028720856,0.1666666716337204,0.3529411852359772,0.4137931168079376,0.0,0.0,0.6920533776283264,0.6680521965026855
32,0.5833333134651184,0.375,0.4545454680919647,0.2222222238779068,0.5833333134651184,0.3125,0.17811972446871788,0.23210911117419966,0.7322047352790833,0.6996245980262756
33,0.4137931168079376,0.7222222089767456,0.2222222238779068,0.6470588445663452,0.4137931168079376,0.7222222089767456,0.0,0.6963989610844701,0.7296748161315918,0.8787872195243835
34,0.4545454680919647,0.4516128897666931,0.30000001192092896,0.3448275923728943,0.30000001192092896,0.25806450843811035,0.0,0.3233842870691159,0.7051041722297668,0.7347077131271362
35,0.4000000059604645,0.52173912525177,0.2222222238779068,0.23529411852359772,0.4000000059604645,0.43478259444236755,0.0,0.0,0.7019280195236206,0.6972411870956421
36,0.6666666865348816,0.5454545617103577,0.1538461595773697,0.20000000298023224,0.4000000059604645,0.3636363744735718,0.0,0.0,0.7490718960762024,0.751498818397522
37,0.5882353186607361,0.4166666567325592,0.4000000059604645,0.27272728085517883,0.5882353186607361,0.3333333432674408,0.0,0.0,0.7689763307571411,0.6895374059677124
38,0.52173912525177,0.4516128897666931,0.2857142984867096,0.3448275923728943,0.52173912525177,0.4516128897666931,0.0,0.2042128370387497,0.708124577999115,0.654624342918396
39,0.3125,0.4615384638309479,0.06666667014360428,0.2702702581882477,0.20000000298023224,0.3076923191547394,0.0,0.38390149148943287,0.6586776375770569,0.7025794386863708
40,0.380952388048172,0.625,0.31578946113586426,0.2666666805744171,0.380952388048172,0.5,0.055258154891207174,0.3561693754184905,0.6902897953987122,0.7321895956993103
41,0.23529411852359772,0.47999998927116394,0.0,0.260869562625885,0.17391304671764374,0.47999998927116394,0.0,0.0,0.6589094400405884,0.6806105971336365
42,0.31578946113586426,0.4166666567325592,0.11764705926179886,0.23999999463558197,0.31578946113586426,0.4166666567325592,0.0,0.0,0.6739053130149841,0.6882194876670837
43,0.25,0.34285715222358704,0.09090909361839294,0.0714285746216774,0.1666666716337204,0.20000000298023224,0.0,0.1552207177944405,0.6016489267349243,0.6068311929702759
44,0.625,0.6086956262588501,0.4285714328289032,0.380952388048172,0.625,0.3478260934352875,0.0,0.175376708746474,0.7905973196029663,0.7478480339050293
45,0.23529411852359772,0.3199999928474426,0.0,0.125,0.23529411852359772,0.3199999928474426,0.0,0.0,0.6929629445075989,0.6951751708984375
46,0.3636363744735718,0.5600000023841858,0.20000000298023224,0.43478259444236755,0.27272728085517883,0.5600000023841858,0.0,0.3537499799235212,0.6577911376953125,0.8259316682815552
47,0.23999999463558197,0.4285714328289032,0.11764705926179886,0.3076923191547394,0.23999999463558197,0.4285714328289032,0.0,0.17344707844932963,0.6661380529403687,0.735398530960083
48,0.42105263471603394,0.29411765933036804,0.31578946113586426,0.125,0.380952388048172,0.2068965584039688,0.0,0.0,0.7567713260650635,0.6849929094314575
49,0.4444444477558136,0.4516128897666931,0.1599999964237213,0.13793103396892548,0.29629629850387573,0.25806450843811035,0.0,0.0,0.609174370765686,0.6342083811759949
50,0.5,0.5,0.2857142984867096,0.25,0.5,0.3333333432674408,0.0,0.24207623565172998,0.7574840188026428,0.7140629887580872
51,0.4444444477558136,0.5263158082962036,0.3199999928474426,0.2222222238779068,0.29629629850387573,0.31578946113586426,0.0,0.0,0.6847341656684875,0.6912193894386292
52,0.47058823704719543,0.3199999928474426,0.2666666805744171,0.17391304671764374,0.47058823704719543,0.3199999928474426,0.0,0.0,0.7039292454719543,0.6533282399177551
53,0.4166666567325592,0.20000000298023224,0.27272728085517883,0.0714285746216774,0.25,0.20000000298023224,0.0,0.0,0.6418198347091675,0.5991455912590027
54,0.3636363744735718,0.4444444477558136,0.30000001192092896,0.3199999928474426,0.3636363744735718,0.29629629850387573,0.0,0.15844501337268932,0.7093312740325928,0.721634566783905
55,0.4761904776096344,0.4000000059604645,0.42105263471603394,0.17391304671764374,0.4761904776096344,0.3076923191547394,0.0,0.0,0.7266233563423157,0.6674434542655945
56,0.23999999463558197,0.4615384638309479,0.11764705926179886,0.3125,0.23999999463558197,0.4117647111415863,0.0,0.3861450761584491,0.6490521430969238,0.7475957870483398
57,0.4000000059604645,0.6428571343421936,0.11764705926179886,0.4615384638309479,0.31578946113586426,0.6428571343421936,0.0,0.4426623526629488,0.6274126172065735,0.8027456998825073
58,0.42105263471603394,0.20000000298023224,0.23529411852359772,0.07407407462596893,0.30000001192092896,0.13793103396892548,0.0,0.0,0.7201143503189087,0.5904231667518616
59,0.380952388048172,0.4285714328289032,0.31578946113586426,0.25,0.380952388048172,0.380952388048172,0.07928040088482,0.0,0.6420487761497498,0.6719950437545776
60,0.30000001192092896,0.4000000059604645,0.1111111119389534,0.2222222238779068,0.20000000298023224,0.4000000059604645,0.0,0.0,0.7354912161827087,0.7302977442741394
61,0.5714285969734192,0.6086956262588501,0.1666666716337204,0.380952388048172,0.2857142984867096,0.6086956262588501,0.0,0.30603689509300896,0.7135761380195618,0.7758195996284485
62,0.2222222238779068,0.47999998927116394,0.0,0.17391304671764374,0.190476194024086,0.4000000059604645,0.0,0.0,0.5914124250411987,0.7245714068412781
63,0.2857142984867096,0.4137931168079376,0.10526315867900848,0.2222222238779068,0.2857142984867096,0.4137931168079376,0.0,0.0,0.6074284315109253,0.6662890911102295
64,0.375,0.4000000059604645,0.2857142984867096,0.2222222238779068,0.375,0.4000000059604645,0.0,0.0,0.7234702110290527,0.674293577671051
65,0.6000000238418579,0.5384615659713745,0.4000000059604645,0.3333333432674408,0.6000000238418579,0.5384615659713745,0.0,0.23183229599938115,0.7798253297805786,0.7534617781639099
66,0.5555555820465088,0.6666666865348816,0.375,0.5454545617103577,0.47058823704719543,0.6666666865348816,0.0,0.19219636460378056,0.7245698571205139,0.8069727420806885
67,0.47058823704719543,0.5600000023841858,0.31578946113586426,0.2222222238779068,0.380952388048172,0.48275861144065857,0.0,0.0,0.7038871049880981,0.784807562828064
68,0.25,0.23076923191547394,0.0,0.0,0.125,0.20000000298023224,0.0,0.0,0.6155897378921509,0.6277863383293152
69,0.2857142984867096,0.3636363744735718,0.21052631735801697,0.08695652335882187,0.2857142984867096,0.23999999463558197,0.0,0.0,0.5909178256988525,0.6539573669433594
70,0.3529411852359772,0.695652186870575,0.1599999964237213,0.5161290168762207,0.23529411852359772,0.6666666865348816,0.0,0.5201592023534242,0.6322287917137146,0.7877337336540222
71,0.5714285969734192,0.8148148059844971,0.5,0.47999998927116394,0.5714285969734192,0.6666666865348816,0.0,0.0,0.8215687870979309,0.8667442798614502
72,0.5,0.2666666805744171,0.20000000298023224,0.1428571492433548,0.5,0.2666666805744171,0.0,0.0,0.7200332283973694,0.6065751314163208
73,0.5,0.23529411852359772,0.2222222238779068,0.07692307978868484,0.5,0.23529411852359772,0.0,0.0,0.7394691705703735,0.6585893630981445
74,0.2222222238779068,0.7586206793785095,0.125,0.37037035822868347,0.2222222238779068,0.3199999928474426,0.0,0.0,0.7037776708602905,0.7594200372695923
75,0.27586206793785095,0.34285715222358704,0.14814814925193787,0.12121212482452393,0.27586206793785095,0.2857142984867096,0.0,0.0,0.6556324362754822,0.6415109634399414
76,0.5714285969734192,0.37037035822868347,0.5263158082962036,0.3199999928474426,0.5714285969734192,0.37037035822868347,0.17705496504211482,0.23447977464683542,0.7890035510063171,0.7467836141586304
77,0.47058823704719543,0.4166666567325592,0.13333334028720856,0.1818181872367859,0.47058823704719543,0.38461539149284363,0.0,0.0,0.7113839983940125,0.7043025493621826
78,0.27272728085517883,0.375,0.0,0.13333334028720856,0.1818181872367859,0.3125,0.0,0.0,0.6665025353431702,0.677344024181366
79,0.23529411852359772,0.3333333432674408,0.0,0.0,0.23529411852359772,0.1818181872367859,0.0,0.0,0.6191033124923706,0.635969340801239
80,0.4516128897666931,0.3888888955116272,0.27586206793785095,0.29629629850387573,0.4516128897666931,0.3448275923728943,0.0,0.2731212370753469,0.6912237405776978,0.6455406546592712
81,0.3636363744735718,0.2666666805744171,0.1818181872367859,0.0714285746216774,0.3333333432674408,0.2666666805744171,0.0,0.0,0.663003146648407,0.7045716643333435
82,0.125,0.14814814925193787,0.0,0.10256410390138626,0.125,0.1463414579629898,0.0,0.0,0.5776869654655457,0.633226215839386
83,0.0416666679084301,0.4000000059604645,0.0,0.19354838132858276,0.0416666679084301,0.4000000059604645,0.0,0.0,0.5829589366912842,0.7038270831108093
84,0.17391304671764374,0.2068965584039688,0.0,0.07407407462596893,0.17391304671764374,0.2068965584039688,0.0,0.0,0.6190044283866882,0.6466437578201294
85,0.3333333432674408,0.10526315867900848,0.20000000298023224,0.0,0.3333333432674408,0.10526315867900848,0.0,0.0,0.6988873481750488,0.6018783450126648
86,0.0,0.190476194024086,0.0,0.0,0.0,0.095238097012043,0.0,0.0,0.582032322883606,0.6856163740158081
87,0.5714285969734192,0.2142857164144516,0.3333333432674408,0.07692307978868484,0.5714285969734192,0.1428571492433548,0.0,0.0,0.6538147926330566,0.6328454613685608
88,0.2222222238779068,0.5714285969734192,0.095238097012043,0.42424243688583374,0.17391304671764374,0.5142857432365417,0.0,0.2841188924702706,0.5909614562988281,0.7461217641830444
89,0.5555555820465088,0.3333333432674408,0.2222222238779068,0.1818181872367859,0.3333333432674408,0.27272728085517883,0.0,0.0,0.7031372785568237,0.6693809628486633
90,0.3478260934352875,0.4615384638309479,0.095238097012043,0.0833333358168602,0.260869562625885,0.38461539149284363,0.0,0.0,0.6578694581985474,0.6598544716835022
91,0.5,0.6666666865348816,0.4545454680919647,0.4516128897666931,0.5,0.6666666865348816,0.07828988696754743,0.0,0.7442100644111633,0.7928106784820557
92,0.17391304671764374,0.5806451439857483,0.095238097012043,0.27586206793785095,0.17391304671764374,0.5161290168762207,0.0,0.14395285676576505,0.5941694974899292,0.730068564414978
93,0.10000000149011612,0.23529411852359772,0.0,0.125,0.10000000149011612,0.23529411852359772,0.0,0.0,0.6045501828193665,0.6237943768501282
94,0.6666666865348816,0.5161290168762207,0.31578946113586426,0.2222222238779068,0.5714285969734192,0.3870967626571655,0.0,0.0,0.7351357936859131,0.6790773868560791
95,0.375,0.3478260934352875,0.2857142984867096,0.190476194024086,0.375,0.3478260934352875,0.0,0.0,0.7015916705131531,0.7031113505363464
96,0.4000000059604645,0.3199999928474426,0.2222222238779068,0.08695652335882187,0.30000001192092896,0.23999999463558197,0.0,0.0,0.6556519865989685,0.6481723785400391
97,0.2222222238779068,0.23076923191547394,0.0,0.0,0.2222222238779068,0.21052631735801697,0.0,0.0,0.6638731360435486,0.6942652463912964
98,0.5,0.4545454680919647,0.4285714328289032,0.30000001192092896,0.5,0.4545454680919647,0.1859347207517098,0.14726247088089767,0.7607701420783997,0.7584748864173889
99,0.4615384638309479,0.5161290168762207,0.25,0.27586206793785095,0.4615384638309479,0.5161290168762207,0.0,0.2270610068354729,0.7540937066078186,0.7344175577163696
100,0.4444444477558136,0.3870967626571655,0.190476194024086,0.1599999964237213,0.3333333432674408,0.37037035822868347,0.0,0.0,0.6452192664146423,0.6697184443473816
101,0.4444444477558136,0.48275861144065857,0.21052631735801697,0.37037035822868347,0.380952388048172,0.48275861144065857,0.0,0.0,0.7285116314888,0.7199410796165466
102,0.23999999463558197,0.31578946113586426,0.0,0.0555555559694767,0.21052631735801697,0.2631579041481018,0.0,0.0,0.587522029876709,0.6042135953903198
103,0.4000000059604645,0.6060606241226196,0.1111111119389534,0.3870967626571655,0.30000001192092896,0.5454545617103577,0.0,0.2718067054614708,0.6556051969528198,0.7388309240341187
104,0.1428571492433548,0.32258063554763794,0.0,0.20000000298023224,0.1428571492433548,0.32258063554763794,0.0,0.0,0.6024211049079895,0.6494426727294922
105,0.47058823704719543,0.3478260934352875,0.4000000059604645,0.095238097012043,0.47058823704719543,0.3478260934352875,0.0,0.0,0.7479480504989624,0.7190313339233398
106,0.380952388048172,0.4000000059604645,0.21052631735801697,0.14814814925193787,0.380952388048172,0.4000000059604645,0.0,0.0,0.6967447996139526,0.7602483034133911
107,0.20000000298023224,0.2068965584039688,0.0,0.0,0.10526315867900848,0.2068965584039688,0.0,0.0,0.6298137307167053,0.6293314695358276
108,0.23076923191547394,0.4571428596973419,0.0833333358168602,0.24242424964904785,0.21052631735801697,0.4571428596973419,0.0,0.0,0.6163313984870911,0.7105734348297119
109,0.625,0.5517241358757019,0.2857142984867096,0.29629629850387573,0.5,0.48275861144065857,0.0,0.0,0.7074573040008545,0.7363846898078918
110,0.3333333432674408,0.4285714328289032,0.09090909361839294,0.1538461595773697,0.190476194024086,0.2857142984867096,0.0,0.0,0.632985532283783,0.7038750052452087
111,0.6666666865348816,0.8181818127632141,0.1111111119389534,0.699999988079071,0.6666666865348816,0.8181818127632141,0.0,0.6133706010874769,0.8092125654220581,0.9351341724395752
112,0.42105263471603394,0.4285714328289032,0.190476194024086,0.23529411852359772,0.31578946113586426,0.3333333432674408,0.0,0.0,0.6866318583488464,0.6893751621246338
113,0.4285714328289032,0.380952388048172,0.3076923191547394,0.20000000298023224,0.4285714328289032,0.3333333432674408,0.0,0.0,0.6834420561790466,0.6272832751274109
114,0.43478259444236755,0.46666666865348816,0.190476194024086,0.25,0.43478259444236755,0.4615384638309479,0.0,0.0,0.659489631652832,0.7112051844596863
115,0.3030303120613098,0.30000001192092896,0.06896551698446274,0.0555555559694767,0.1818181872367859,0.20000000298023224,0.0,0.0,0.5984458327293396,0.635625422000885
116,0.4545454680919647,0.4137931168079376,0.20000000298023224,0.14814814925193787,0.27272728085517883,0.3448275923728943,0.0,0.0,0.6092008352279663,0.6240522861480713
117,0.10000000149011612,0.375,0.0,0.2666666805744171,0.10000000149011612,0.375,0.0,0.0,0.5984070301055908,0.6741082668304443
118,0.0,0.21052631735801697,0.0,0.0,0.0,0.21052631735801697,0.0,0.0,0.6167716383934021,0.6253388524055481
119,0.29629629850387573,0.2777777910232544,0.125,0.07999999821186066,0.29629629850387573,0.2222222238779068,0.0,0.0,0.6495096683502197,0.6301826238632202
120,0.21052631735801697,0.25,0.0,0.0833333358168602,0.21052631735801697,0.1666666716337204,0.0,0.0,0.6054697632789612,0.6520256400108337
121,0.4615384638309479,0.48275861144065857,0.1818181872367859,0.29629629850387573,0.4615384638309479,0.48275861144065857,0.0,0.0,0.6942546367645264,0.6919325590133667
122,0.47058823704719543,0.5,0.2666666805744171,0.09090909361839294,0.47058823704719543,0.3333333432674408,0.0,0.0,0.726579487323761,0.7135018706321716
123,0.37037035822868347,0.4864864945411682,0.25,0.23076923191547394,0.37037035822868347,0.4324324429035187,0.0,0.0,0.6823006272315979,0.6830927133560181
124,0.4545454680919647,0.46666666865348816,0.30000001192092896,0.2142857164144516,0.4545454680919647,0.3333333432674408,0.0,0.0,0.747494101524353,0.6896508932113647
125,0.1875,0.23529411852359772,0.06666667014360428,0.0,0.1875,0.11764705926179886,0.0,0.0,0.6300873756408691,0.6094424724578857
126,0.47999998927116394,0.3571428656578064,0.17391304671764374,0.1538461595773697,0.47999998927116394,0.3571428656578064,0.0,0.0,0.7477527260780334,0.7037201523780823
127,0.3571428656578064,0.3870967626571655,0.07692307978868484,0.1818181872367859,0.2142857164144516,0.3333333432674408,0.0,0.0,0.6357907056808472,0.6696021556854248
128,0.4615384638309479,0.4375,0.0,0.0,0.3076923191547394,0.3030303120613098,0.0,0.0,0.6715104579925537,0.7083287835121155
129,0.4545454680919647,0.6666666865348816,0.30000001192092896,0.47999998927116394,0.27272728085517883,0.5185185074806213,0.0,0.2672825520622499,0.6698951125144958,0.7839745283126831
130,0.25,0.7058823704719543,0.1428571492433548,0.37037035822868347,0.25,0.529411792755127,0.0,0.0,0.6172251105308533,0.7426377534866333
131,0.5,0.52173912525177,0.2857142984867096,0.2142857164144516,0.5,0.3478260934352875,0.0,0.2852636439147137,0.7106435298919678,0.7358130812644958
132,0.1538461595773697,0.1599999964237213,0.0,0.0,0.1538461595773697,0.10000000149011612,0.0,0.0,0.6898056864738464,0.6257876753807068
133,0.21052631735801697,0.2222222238779068,0.11764705926179886,0.07999999821186066,0.21052631735801697,0.2222222238779068,0.0,0.0,0.688667356967926,0.6964783072471619
134,0.6086956262588501,1.0,0.260869562625885,1.0,0.43478259444236755,1.0,0.0,0.9174014451319407,0.7695921063423157,0.979205310344696
135,0.375,0.3888888955116272,0.1428571492433548,0.23529411852359772,0.25,0.23076923191547394,0.0,0.0,0.7020013928413391,0.6477636098861694
136,0.3448275923728943,0.7027027010917664,0.2222222238779068,0.6857143044471741,0.3448275923728943,0.7027027010917664,0.0,0.9601845894041878,0.6619096994400024,0.8555295467376709
137,0.3636363744735718,0.2857142984867096,0.2222222238779068,0.10526315867900848,0.3636363744735718,0.2068965584039688,0.0,0.0,0.7103293538093567,0.664424479007721
138,0.2222222238779068,0.6875,0.0,0.5333333611488342,0.17391304671764374,0.4375,0.0,0.44883577006437847,0.6757084727287292,0.7990176677703857
139,0.42105263471603394,0.4444444477558136,0.3529411852359772,0.29411765933036804,0.42105263471603394,0.3333333432674408,0.0,0.0,0.6909034252166748,0.7655099630355835
140,0.5,0.095238097012043,0.4000000059604645,0.0,0.5,0.095238097012043,0.0,0.0,0.6500840783119202,0.6168807148933411
141,0.3636363744735718,0.2857142984867096,0.20000000298023224,0.13793103396892548,0.3636363744735718,0.25806450843811035,0.0,0.17741454314600238,0.6867102980613708,0.6885553002357483
142,0.7142857313156128,0.2857142984867096,0.6666666865348816,0.095238097012043,0.7142857313156128,0.2857142984867096,0.0,0.0,0.7701203227043152,0.6372032165527344
143,0.3478260934352875,0.4137931168079376,0.2857142984867096,0.13793103396892548,0.3478260934352875,0.3636363744735718,0.0,0.0,0.7101834416389465,0.7461673617362976
144,0.4545454680919647,0.38461539149284363,0.20000000298023224,0.25,0.4545454680919647,0.3076923191547394,0.0,0.0,0.6787071228027344,0.6880204081535339
145,0.0,0.10000000149011612,0.0,0.0,0.0,0.10000000149011612,0.0,0.0,0.5521594882011414,0.557256281375885
146,0.2857142984867096,0.2666666805744171,0.13333334028720856,0.0,0.2857142984867096,0.20000000298023224,0.0,0.0,0.7127689123153687,0.6572888493537903
147,0.6315789222717285,0.4000000059604645,0.47058823704719543,0.17391304671764374,0.6315789222717285,0.23999999463558197,0.0,0.0,0.7524725198745728,0.6729757785797119
148,0.7368420958518982,0.6086956262588501,0.5882353186607361,0.380952388048172,0.42105263471603394,0.52173912525177,0.0,0.0,0.7356484532356262,0.7517237663269043
149,0.1428571492433548,0.48275861144065857,0.0,0.25,0.1428571492433548,0.4615384638309479,0.0,0.0,0.6484167575836182,0.7158640027046204
150,0.17391304671764374,0.3529411852359772,0.095238097012043,0.0625,0.17391304671764374,0.29411765933036804,0.0,0.0,0.6485808491706848,0.6469955444335938
151,0.43478259444236755,0.2857142984867096,0.190476194024086,0.12121212482452393,0.260869562625885,0.22857142984867096,0.0,0.0,0.6587433815002441,0.6240794658660889
152,0.4000000059604645,0.4000000059604645,0.2222222238779068,0.1538461595773697,0.3529411852359772,0.4000000059604645,0.0,0.0,0.6848973035812378,0.6863659620285034
153,0.46666666865348816,0.5405405163764954,0.2857142984867096,0.22857142984867096,0.4000000059604645,0.4864864945411682,0.0,0.0,0.7189639210700989,0.7260469794273376
154,0.6666666865348816,0.5882353186607361,0.4000000059604645,0.4375,0.4000000059604645,0.529411792755127,0.0,0.23758597346269164,0.734027624130249,0.754459798336029
155,0.5,0.5925925970077515,0.1111111119389534,0.3199999928474426,0.30000001192092896,0.5185185074806213,0.0,0.16950852799011137,0.6837218403816223,0.7997376918792725
156,0.2857142984867096,0.5454545617103577,0.0,0.10000000149011612,0.1428571492433548,0.5454545617103577,0.0,0.0,0.6376634836196899,0.7442836165428162
157,0.5263158082962036,0.4615384638309479,0.11764705926179886,0.0833333358168602,0.42105263471603394,0.38461539149284363,0.1297464032679993,0.0,0.7394611835479736,0.7396659255027771
158,0.5333333611488342,0.4000000059604645,0.10526315867900848,0.0,0.2857142984867096,0.30000001192092896,0.0,0.0,0.7654321789741516,0.7618378400802612
159,0.3076923191547394,0.5142857432365417,0.1818181872367859,0.20000000298023224,0.3076923191547394,0.4571428596973419,0.0,0.0,0.7071980237960815,0.7415722012519836
160,0.31578946113586426,0.42424243688583374,0.11764705926179886,0.12903225421905518,0.31578946113586426,0.3030303120613098,0.0,0.0,0.6663731336593628,0.7226393222808838
161,0.5,0.4166666567325592,0.20000000298023224,0.1818181872367859,0.5,0.3333333432674408,0.0,0.0,0.7629038691520691,0.7008708715438843
162,0.5714285969734192,0.6363636255264282,0.42105263471603394,0.4000000059604645,0.5714285969734192,0.5185185074806213,0.0,0.166352496246992,0.7468105554580688,0.7149614691734314
163,0.380952388048172,0.5,0.10526315867900848,0.38461539149284363,0.2857142984867096,0.5,0.0,0.2672825520622499,0.6597323417663574,0.7073145508766174
164,0.5714285969734192,0.4444444477558136,0.3076923191547394,0.23529411852359772,0.5714285969734192,0.4444444477558136,0.0,0.0,0.7721256017684937,0.6902107000350952
165,0.42105263471603394,0.4444444477558136,0.0,0.1599999964237213,0.31578946113586426,0.37037035822868347,0.0,0.0,0.667181134223938,0.7059836983680725
166,0.095238097012043,0.13793103396892548,0.0,0.0,0.095238097012043,0.06896551698446274,0.0,0.0,0.5474979281425476,0.6026491522789001
167,0.4000000059604645,0.27272728085517883,0.20000000298023224,0.0,0.3636363744735718,0.1818181872367859,0.0,0.0,0.6761502623558044,0.6487084627151489
168,0.3529411852359772,0.25641027092933655,0.13333334028720856,0.10810811072587967,0.23529411852359772,0.20512820780277252,0.0,0.0,0.6624558568000793,0.648626983165741
169,0.5714285969734192,0.5333333611488342,0.21052631735801697,0.1428571492433548,0.380952388048172,0.3333333432674408,0.0,0.13523285066501545,0.6908522844314575,0.6417515277862549
170,0.13333334028720856,0.1538461595773697,0.0,0.0,0.13333334028720856,0.1538461595773697,0.0,0.0,0.5845867991447449,0.62227863073349
171,0.2666666805744171,0.5,0.0,0.27272728085517883,0.2666666805744171,0.4166666567325592,0.0,0.0,0.6350968480110168,0.7131310701370239
172,0.25,0.2702702581882477,0.09090909361839294,0.11428571492433548,0.23529411852359772,0.21621622145175934,0.0,0.0,0.728067934513092,0.6502166390419006
173,0.31578946113586426,0.3125,0.11764705926179886,0.13333334028720856,0.21052631735801697,0.20000000298023224,0.0,0.0,0.738449215888977,0.6984274983406067
174,0.761904776096344,0.6399999856948853,0.42105263471603394,0.260869562625885,0.6666666865348816,0.3199999928474426,0.0,0.0,0.789483368396759,0.7312896251678467
175,0.3333333432674408,0.25,0.20000000298023224,0.06666667014360428,0.3333333432674408,0.1764705926179886,0.0,0.0,0.6844244003295898,0.6576201319694519
176,0.5263158082962036,0.5714285969734192,0.1666666716337204,0.3076923191547394,0.42105263471603394,0.3571428656578064,0.0,0.0,0.7450633645057678,0.7446930408477783
177,0.42105263471603394,0.19354838132858276,0.260869562625885,0.0,0.42105263471603394,0.08695652335882187,0.0,0.0,0.715588390827179,0.5796200633049011
178,0.3333333432674408,0.5,0.10000000149011612,0.20000000298023224,0.3333333432674408,0.2857142984867096,0.0,0.0,0.6829626560211182,0.687930703163147
179,0.6666666865348816,0.5833333134651184,0.3529411852359772,0.4545454680919647,0.5333333611488342,0.5,0.0,0.0,0.7473414540290833,0.7401930093765259
180,0.13333334028720856,0.5714285969734192,0.0,0.42105263471603394,0.13333334028720856,0.5714285969734192,0.0,0.27571859863660825,0.6084792613983154,0.7898665070533752
181,0.20000000298023224,0.1538461595773697,0.1111111119389534,0.0833333358168602,0.20000000298023224,0.1538461595773697,0.0,0.0,0.6527310609817505,0.6475839018821716
182,0.37037035822868347,0.5,0.17391304671764374,0.2666666805744171,0.23999999463558197,0.3125,0.0,0.0,0.6733827590942383,0.7226243615150452
183,0.692307710647583,0.5454545617103577,0.5833333134651184,0.32258063554763794,0.692307710647583,0.4848484992980957,0.14436497957551314,0.3598590234416894,0.812171995639801,0.7419333457946777
184,0.4285714328289032,0.2631579041481018,0.3333333432674408,0.1818181872367859,0.4285714328289032,0.25,0.0,0.0,0.6748612523078918,0.6342448592185974
185,0.5714285969734192,0.6000000238418579,0.3333333432674408,0.21052631735801697,0.4285714328289032,0.5,0.0,0.0,0.7368611097335815,0.7366369366645813
186,0.5714285969734192,0.380952388048172,0.25,0.10526315867900848,0.5555555820465088,0.2857142984867096,0.0,0.0,0.7463782429695129,0.7060768604278564
187,0.2222222238779068,0.47058823704719543,0.07692307978868484,0.25,0.2222222238779068,0.3529411852359772,0.0,0.0,0.5749377012252808,0.7271986603736877
188,0.5714285969734192,0.800000011920929,0.21052631735801697,0.6086956262588501,0.5714285969734192,0.800000011920929,0.0,0.457705323591306,0.7331874370574951,0.8597411513328552
189,0.4615384638309479,0.29629629850387573,0.2857142984867096,0.11764705926179886,0.4615384638309479,0.2222222238779068,0.0,0.0,0.7553778290748596,0.7249183654785156
190,0.25,0.3571428656578064,0.1428571492433548,0.07692307978868484,0.25,0.1818181872367859,0.0,0.0,0.6835507154464722,0.6252319812774658
191,0.3333333432674408,0.27272728085517883,0.25,0.10000000149011612,0.3333333432674408,0.27272728085517883,0.0,0.13924499401499876,0.7048693299293518,0.7117211222648621
192,0.375,0.260869562625885,0.1428571492433548,0.095238097012043,0.375,0.260869562625885,0.0,0.0,0.6935127377510071,0.7020075917243958
193,0.4285714328289032,0.5142857432365417,0.23076923191547394,0.3636363744735718,0.4285714328289032,0.5142857432365417,0.0,0.0,0.6713184118270874,0.6881282925605774
194,0.75,0.4615384638309479,0.4285714328289032,0.1875,0.625,0.3529411852359772,0.0,0.0,0.8816013932228088,0.7367834448814392
195,0.5,0.5625,0.1818181872367859,0.2666666805744171,0.4166666567325592,0.5,0.0,0.0,0.6877760291099548,0.7183135747909546
196,0.4444444477558136,0.6666666865348816,0.25,0.3199999928474426,0.4444444477558136,0.4444444477558136,0.0,0.0,0.6995911002159119,0.7202362418174744
197,0.380952388048172,0.5454545617103577,0.21052631735801697,0.30000001192092896,0.380952388048172,0.4545454680919647,0.0,0.2908402945446888,0.6823676228523254,0.7544828653335571
198,0.6666666865348816,0.6315789222717285,0.6153846383094788,0.5882353186607361,0.6666666865348816,0.6315789222717285,0.0,0.4624892603869297,0.765787661075592,0.8271500468254089
199,0.5555555820465088,0.9599999785423279,0.125,0.8695651888847351,0.5555555820465088,0.9599999785423279,0.0,0.3014335251508215,0.8023303747177124,0.9276801347732544
200,0.4761904776096344,0.3571428656578064,0.14814814925193787,0.07692307978868484,0.2857142984867096,0.2222222238779068,0.0,0.0,0.68636155128479,0.6592239737510681
201,0.3478260934352875,0.23529411852359772,0.190476194024086,0.125,0.260869562625885,0.1875,0.0,0.0,0.6148682832717896,0.6072008609771729
202,0.260869562625885,0.32258063554763794,0.095238097012043,0.06896551698446274,0.260869562625885,0.19354838132858276,0.0,0.0,0.6475583910942078,0.6309064626693726
203,0.3333333432674408,0.4444444477558136,0.1538461595773697,0.23999999463558197,0.2666666805744171,0.4444444477558136,0.0,0.0,0.6628423929214478,0.7318038940429688
204,0.5,0.1666666716337204,0.0,0.0,0.25,0.1666666716337204,0.0,0.0,0.6801614165306091,0.6645059585571289
205,0.6666666865348816,0.6875,0.4285714328289032,0.5,0.6666666865348816,0.6875,0.764786017043723,0.7790872728179328,0.8782156109809875,0.9143125414848328
206,0.190476194024086,0.20000000298023224,0.0,0.0,0.190476194024086,0.06896551698446274,0.0,0.0,0.6416074633598328,0.6001253128051758
207,0.5,0.5833333134651184,0.20000000298023224,0.21052631735801697,0.5,0.3333333432674408,0.0,0.18543829210530705,0.7260838747024536,0.7682458758354187
208,0.6666666865348816,0.5454545617103577,0.3076923191547394,0.20000000298023224,0.4000000059604645,0.2857142984867096,0.0,0.0,0.8340895175933838,0.7689819931983948
209,0.20000000298023224,0.4615384638309479,0.0,0.2142857164144516,0.20000000298023224,0.38461539149284363,0.0,0.16467029855845897,0.6717584133148193,0.7416109442710876
210,0.4761904776096344,0.4444444477558136,0.1428571492433548,0.1599999964237213,0.2857142984867096,0.29629629850387573,0.0,0.17616849731130652,0.6977314352989197,0.7365629076957703
211,0.43478259444236755,0.5625,0.2857142984867096,0.2666666805744171,0.43478259444236755,0.5625,0.0,0.0,0.6452524065971375,0.6864087581634521
212,0.2666666805744171,0.2857142984867096,0.1538461595773697,0.10526315867900848,0.2666666805744171,0.2666666805744171,0.0,0.0,0.6342481970787048,0.6268146634101868
213,0.2857142984867096,0.4615384638309479,0.0833333358168602,0.13333334028720856,0.25,0.38461539149284363,0.0,0.0,0.6688050031661987,0.7611233592033386
214,0.07407407462596893,0.1621621549129486,0.0,0.0,0.07407407462596893,0.13793103396892548,0.0,0.0,0.5941591262817383,0.6180613040924072
215,0.7142857313156128,0.8461538553237915,0.4615384638309479,0.5,0.6428571343421936,0.6428571343421936,0.4341931838164416,0.3440515398126991,0.8287889361381531,0.8288666605949402
216,0.1818181872367859,0.2142857164144516,0.0,0.07692307978868484,0.1818181872367859,0.2142857164144516,0.0,0.0,0.6231622099876404,0.6533459424972534
217,0.3448275923728943,0.5,0.2222222238779068,0.2666666805744171,0.3448275923728943,0.5,0.0,0.0,0.7112234234809875,0.6980933547019958
218,0.19354838132858276,0.5405405163764954,0.08695652335882187,0.22857142984867096,0.19354838132858276,0.4864864945411682,0.0,0.26246256119127587,0.6662007570266724,0.7596288323402405
219,0.4285714328289032,0.5,0.1818181872367859,0.25,0.4285714328289032,0.47058823704719543,0.0,0.191072229574376,0.7400072813034058,0.7433924078941345
220,0.23529411852359772,0.4000000059604645,0.0,0.08695652335882187,0.23529411852359772,0.3199999928474426,0.0,0.0,0.6668727397918701,0.7255330085754395
221,0.5714285969734192,0.43478259444236755,0.3333333432674408,0.2068965584039688,0.2857142984867096,0.43478259444236755,0.0,0.0,0.7059395909309387,0.6932715177536011
222,0.3199999928474426,0.4000000059604645,0.23999999463558197,0.2142857164144516,0.3199999928474426,0.27272728085517883,0.0,0.3595290285752277,0.6450873017311096,0.727649450302124
223,0.4444444477558136,0.5882353186607361,0.1599999964237213,0.125,0.29629629850387573,0.47058823704719543,0.0,0.0,0.6355055570602417,0.715867280960083
224,0.3333333432674408,0.4137931168079376,0.25,0.2222222238779068,0.3333333432674408,0.4137931168079376,0.0,0.22759483012793272,0.657917320728302,0.7066819667816162
225,0.5625,0.6315789222717285,0.5333333611488342,0.5,0.5625,0.6315789222717285,0.0,0.5452532529012815,0.7857107520103455,0.8173398375511169
226,0.375,0.5263158082962036,0.1428571492433548,0.3529411852359772,0.375,0.5263158082962036,0.0,0.0,0.6758902668952942,0.7027439475059509
227,0.4000000059604645,0.625,0.260869562625885,0.4000000059604645,0.4000000059604645,0.4375,0.0,0.2124346937502221,0.6956098079681396,0.7017964124679565
228,0.5882353186607361,0.4444444477558136,0.4000000059604645,0.23999999463558197,0.4444444477558136,0.37837839126586914,0.0,0.0,0.7498066425323486,0.651401162147522
229,0.5333333611488342,0.4000000059604645,0.3076923191547394,0.260869562625885,0.4000000059604645,0.3199999928474426,0.0,0.12142567939068617,0.6878047585487366,0.6236199140548706
230,0.4285714328289032,0.4166666567325592,0.25,0.27272728085517883,0.3333333432674408,0.4166666567325592,0.0,0.0,0.6879183650016785,0.7742935419082642
231,0.380952388048172,0.3571428656578064,0.10526315867900848,0.07692307978868484,0.190476194024086,0.2142857164144516,0.0,0.0,0.6261553764343262,0.6512109041213989
232,0.380952388048172,0.6363636255264282,0.2857142984867096,0.30000001192092896,0.380952388048172,0.5454545617103577,0.0,0.0,0.7047159671783447,0.8061936497688293
233,0.6666666865348816,0.774193525314331,0.6363636255264282,0.6896551847457886,0.6666666865348816,0.774193525314331,0.18097950577222371,0.5392271055259882,0.8204008936882019,0.8681410551071167
234,0.4285714328289032,0.42105263471603394,0.1666666716337204,0.3529411852359772,0.4285714328289032,0.31578946113586426,0.0,0.0,0.7530927062034607,0.718703031539917
235,0.6315789222717285,0.692307710647583,0.3529411852359772,0.5,0.6315789222717285,0.5384615659713745,0.0,0.4385068972747104,0.7714449763298035,0.7371492385864258
236,0.3333333432674408,0.4137931168079376,0.1818181872367859,0.07407407462596893,0.25,0.27586206793785095,0.0,0.0,0.6380371451377869,0.7322291731834412
237,0.4000000059604645,0.4444444477558136,0.2222222238779068,0.23999999463558197,0.30000001192092896,0.37037035822868347,0.0,0.17923344640485428,0.6624845862388611,0.6753540635108948
238,0.17391304671764374,0.41860464215278625,0.0,0.11764705926179886,0.12121212482452393,0.3255814015865326,0.0,0.0,0.6075683832168579,0.7128801941871643
239,0.4000000059604645,0.4000000059604645,0.2222222238779068,0.13793103396892548,0.23529411852359772,0.25806450843811035,0.0,0.0,0.6900984048843384,0.7264200448989868
240,0.3333333432674408,0.3333333432674408,0.23529411852359772,0.17391304671764374,0.3333333432674408,0.23999999463558197,0.0,0.0,0.6782510280609131,0.6516667008399963
241,0.3870967626571655,0.42424243688583374,0.27586206793785095,0.22727273404598236,0.3199999928474426,0.3589743673801422,0.0,0.12204959605013019,0.6727105379104614,0.6790793538093567
242,0.6153846383094788,0.52173912525177,0.2857142984867096,0.380952388048172,0.3076923191547394,0.52173912525177,0.0,0.0,0.7379048466682434,0.6973327398300171
243,0.5,0.3333333432674408,0.0,0.0,0.3333333432674408,0.3333333432674408,0.0,0.0,0.7372349500656128,0.7140420079231262
244,0.1599999964237213,0.5185185074806213,0.08695652335882187,0.1599999964237213,0.1599999964237213,0.4444444477558136,0.0,0.14264965190603165,0.6414896845817566,0.731044352054596
245,0.4545454680919647,0.3448275923728943,0.13333334028720856,0.09090909361839294,0.4545454680919647,0.3448275923728943,0.0,0.0,0.7349543571472168,0.6952086091041565
246,0.260869562625885,0.6666666865348816,0.190476194024086,0.3870967626571655,0.260869562625885,0.6060606241226196,0.0,0.17004405440923137,0.6592345833778381,0.8168930411338806
247,0.5161290168762207,0.41025641560554504,0.3448275923728943,0.2702702581882477,0.4516128897666931,0.3589743673801422,0.0,0.0,0.7008881568908691,0.6633782386779785
248,0.5,0.5185185074806213,0.2857142984867096,0.3199999928474426,0.5,0.4444444477558136,0.2454947544023512,0.0,0.7145275473594666,0.6966922879219055
249,0.260869562625885,0.3870967626571655,0.095238097012043,0.2068965584039688,0.260869562625885,0.3870967626571655,0.0,0.0,0.6408786177635193,0.6571865677833557
250,0.5333333611488342,0.6363636255264282,0.3076923191547394,0.3333333432674408,0.5333333611488342,0.4615384638309479,0.0,0.28787878181011267,0.7332350611686707,0.7943645715713501
251,0.2666666805744171,0.3076923191547394,0.0,0.0833333358168602,0.2666666805744171,0.23076923191547394,0.0,0.0,0.5940764546394348,0.6625854969024658
252,0.6399999856948853,0.4571428596973419,0.52173912525177,0.20000000298023224,0.6399999856948853,0.4375,0.0,0.0,0.7591795921325684,0.7437297105789185
253,0.5714285969734192,0.6153846383094788,0.31578946113586426,0.3333333432674408,0.380952388048172,0.4615384638309479,0.0,0.22860414459682063,0.7647386193275452,0.7390102744102478
254,0.1538461595773697,0.4000000059604645,0.0,0.1538461595773697,0.1538461595773697,0.3333333432674408,0.0,0.14264965190603165,0.6382289528846741,0.717291533946991
255,0.48275861144065857,0.4375,0.2222222238779068,0.20000000298023224,0.4137931168079376,0.3125,0.0,0.0,0.7019514441490173,0.6927630305290222
256,0.8421052694320679,0.6666666865348816,0.7058823704719543,0.6399999856948853,0.8421052694320679,0.6666666865348816,0.0,0.46846033640836293,0.8594626784324646,0.7960929870605469
257,0.625,0.6363636255264282,0.4285714328289032,0.30000001192092896,0.4285714328289032,0.6363636255264282,0.0,0.29694551474502373,0.7114648818969727,0.8442580103874207
258,0.4166666567325592,0.6111111044883728,0.27272728085517883,0.529411792755127,0.4166666567325592,0.6111111044883728,0.0,0.592313615748771,0.6990172863006592,0.7972670793533325
259,0.6153846383094788,0.5,0.1818181872367859,0.3076923191547394,0.4615384638309479,0.4285714328289032,0.0,0.2028736642487601,0.7244589328765869,0.7364549040794373
260,0.4444444477558136,0.8125,0.25,0.6666666865348816,0.4000000059604645,0.8125,0.0,0.7331329005620809,0.7026088833808899,0.8776438236236572
261,0.25,0.3478260934352875,0.0,0.095238097012043,0.25,0.260869562625885,0.0,0.0,0.7156506180763245,0.689048707485199
262,0.5555555820465088,0.4000000059604645,0.375,0.17391304671764374,0.5555555820465088,0.4000000059604645,0.264828629077426,0.19835441454182887,0.753697395324707,0.7304356694221497
263,0.1818181872367859,0.3333333432674408,0.0,0.07692307978868484,0.09090909361839294,0.2142857164144516,0.0,0.0,0.676596999168396,0.6996670365333557
264,0.25,0.4615384638309479,0.1428571492433548,0.1666666716337204,0.25,0.38461539149284363,0.0,0.0,0.6456212401390076,0.7438961863517761
265,0.3333333432674408,0.3888888955116272,0.2142857164144516,0.1764705926179886,0.3333333432674408,0.3125,0.0,0.0,0.6483626961708069,0.6856642365455627
266,0.4444444477558136,0.3030303120613098,0.0,0.12903225421905518,0.3333333432674408,0.24242424964904785,0.0,0.0,0.6538861393928528,0.6415542364120483
267,0.7142857313156128,0.6666666865348816,0.6666666865348816,0.31578946113586426,0.7142857313156128,0.5714285969734192,0.0,0.0,0.8219549655914307,0.7849277257919312
268,0.2857142984867096,0.5384615659713745,0.10526315867900848,0.25,0.2142857164144516,0.38461539149284363,0.0,0.0,0.6824181079864502,0.745387852191925
269,0.5,0.4166666567325592,0.2857142984867096,0.27272728085517883,0.5,0.4166666567325592,0.0,0.0,0.7289543151855469,0.6948512196540833
270,0.3478260934352875,0.5789473652839661,0.190476194024086,0.4444444477558136,0.3478260934352875,0.5263158082962036,0.0,0.270291450337843,0.6428612470626831,0.7865928411483765
271,0.4000000059604645,0.34285715222358704,0.1428571492433548,0.23999999463558197,0.4000000059604645,0.29629629850387573,0.0,0.16053381456763358,0.6400331854820251,0.6578771471977234
272,0.4615384638309479,0.31578946113586426,0.1818181872367859,0.11764705926179886,0.3076923191547394,0.21052631735801697,0.0,0.0,0.6983414888381958,0.6232332587242126
273,0.4761904776096344,0.6000000238418579,0.2222222238779068,0.2857142984867096,0.4000000059604645,0.5333333611488342,0.0,0.1654550907366034,0.6982387900352478,0.7763926386833191
274,0.37037035822868347,0.529411792755127,0.1599999964237213,0.1875,0.29629629850387573,0.4117647111415863,0.0,0.0,0.659758448600769,0.6764469742774963
275,0.4615384638309479,0.380952388048172,0.1818181872367859,0.21052631735801697,0.4615384638309479,0.380952388048172,0.0,0.0,0.737515926361084,0.6430805921554565
276,0.5882353186607361,0.52173912525177,0.2666666805744171,0.2857142984867096,0.3636363744735718,0.52173912525177,0.0,0.1981178554870824,0.7638769745826721,0.8324865698814392
277,0.5,0.4166666567325592,0.2857142984867096,0.1818181872367859,0.5,0.4166666567325592,0.0,0.0,0.7315541505813599,0.6979432106018066
278,0.47999998927116394,0.6060606241226196,0.3478260934352875,0.4516128897666931,0.4000000059604645,0.5454545617103577,0.0,0.48740622698799413,0.7112541794776917,0.7663023471832275
279,0.761904776096344,0.5384615659713745,0.6315789222717285,0.4166666567325592,0.5714285969734192,0.4615384638309479,0.0,0.20149416157064579,0.8121959567070007,0.7435740828514099
280,0.9411764740943909,0.5833333134651184,0.800000011920929,0.3636363744735718,0.7058823704719543,0.5,0.5035337887555859,0.14253911354181859,0.8116611242294312,0.6954264044761658
281,0.25,0.75,0.1428571492433548,0.5454545617103577,0.25,0.5833333134651184,0.0,0.3827673535697134,0.6770719289779663,0.8452372550964355
282,0.42105263471603394,0.38461539149284363,0.23529411852359772,0.1666666716337204,0.42105263471603394,0.38461539149284363,0.0,0.23287896954139942,0.723281979560852,0.7053256630897522
283,0.2222222238779068,0.25,0.0833333358168602,0.06666667014360428,0.2222222238779068,0.25,0.0,0.0,0.5991036891937256,0.6240423917770386
284,0.5925925970077515,0.529411792755127,0.4000000059604645,0.3125,0.4444444477558136,0.4117647111415863,0.0,0.11856660123276004,0.7486599683761597,0.6981619596481323
285,0.3636363744735718,0.30000001192092896,0.20000000298023224,0.13333334028720856,0.3636363744735718,0.30000001192092896,0.0,0.0,0.7868768572807312,0.6887339353561401
286,0.5555555820465088,0.8333333134651184,0.25,0.6363636255264282,0.47058823704719543,0.8333333134651184,0.0,0.3956716729452431,0.7324835062026978,0.8540587425231934
287,0.5,0.5,0.1818181872367859,0.20000000298023224,0.4166666567325592,0.4375,0.0,0.0,0.6654562950134277,0.7014684081077576
288,0.43478259444236755,0.4285714328289032,0.380952388048172,0.3076923191547394,0.43478259444236755,0.4285714328289032,0.0,0.0,0.6182568073272705,0.6525225639343262
289,0.7058823704719543,0.4000000059604645,0.5333333611488342,0.10000000149011612,0.7058823704719543,0.23999999463558197,0.0,0.0,0.836198627948761,0.6687614917755127
290,0.3076923191547394,0.20000000298023224,0.1818181872367859,0.0,0.3076923191547394,0.20000000298023224,0.0,0.0,0.6554471254348755,0.7019222974777222
291,0.3478260934352875,0.4000000059604645,0.095238097012043,0.13333334028720856,0.260869562625885,0.25,0.0,0.0,0.6663618087768555,0.6909814476966858
292,0.3333333432674408,0.5833333134651184,0.125,0.3636363744735718,0.2222222238779068,0.4166666567325592,0.0,0.21468316165048362,0.6567131876945496,0.7426725625991821
293,0.42105263471603394,0.4000000059604645,0.23529411852359772,0.1428571492433548,0.42105263471603394,0.3333333432674408,0.0,0.0,0.6770051121711731,0.6295824646949768
294,0.3333333432674408,0.37037035822868347,0.125,0.07999999821186066,0.3333333432674408,0.37037035822868347,0.0,0.0,0.7191658020019531,0.6924586892127991
295,0.09090909361839294,0.14814814925193787,0.0,0.0,0.09090909361839294,0.13793103396892548,0.0,0.0,0.587967038154602,0.6575518846511841
296,0.5714285969734192,0.3636363744735718,0.3333333432674408,0.20000000298023224,0.5714285969734192,0.3636363744735718,0.0,0.0,0.7852498888969421,0.6634359955787659
297,0.5600000023841858,0.4166666567325592,0.43478259444236755,0.09090909361839294,0.4000000059604645,0.3333333432674408,0.0,0.0,0.7238672971725464,0.6600767970085144
298,0.3636363744735718,0.29629629850387573,0.10526315867900848,0.0833333358168602,0.190476194024086,0.2222222238779068,0.0,0.0,0.6424142718315125,0.6628127098083496
299,0.47999998927116394,0.42424243688583374,0.260869562625885,0.25806450843811035,0.25806450843811035,0.3333333432674408,0.0,0.0,0.6849469542503357,0.6648632287979126
300,0.3333333432674408,0.48275861144065857,0.095238097012043,0.1818181872367859,0.260869562625885,0.27586206793785095,0.0,0.0,0.6904500126838684,0.6423275470733643
301,0.42424243688583374,0.5142857432365417,0.25806450843811035,0.3636363744735718,0.3636363744735718,0.4571428596973419,0.0,0.35930411196308415,0.7076653838157654,0.7592321038246155
302,0.3333333432674408,0.4000000059604645,0.1538461595773697,0.10000000149011612,0.2666666805744171,0.3199999928474426,0.0,0.0,0.6837369799613953,0.6989111304283142
303,0.5714285969734192,0.6666666865348816,0.31578946113586426,0.5714285969734192,0.5714285969734192,0.6666666865348816,0.0,0.0,0.7759401798248291,0.7804328203201294
304,0.380952388048172,0.38461539149284363,0.0,0.0833333358168602,0.2857142984867096,0.2857142984867096,0.0,0.0,0.658297061920166,0.6371514797210693
305,0.3636363744735718,0.4000000059604645,0.2222222238779068,0.2222222238779068,0.3636363744735718,0.4000000059604645,0.0,0.0,0.6587978601455688,0.6752334237098694
306,0.5263158082962036,0.37037035822868347,0.3529411852359772,0.1599999964237213,0.5263158082962036,0.37037035822868347,0.0,0.0,0.7612281441688538,0.6554837822914124
307,0.5,0.2857142984867096,0.3333333432674408,0.10000000149011612,0.5,0.20000000298023224,0.0,0.0,0.7581506371498108,0.638461172580719
308,0.3333333432674408,0.4285714328289032,0.25,0.1538461595773697,0.3333333432674408,0.4285714328289032,0.0,0.0,0.712867259979248,0.7217957377433777
309,0.6000000238418579,0.31578946113586426,0.0,0.0,0.4000000059604645,0.25,0.0,0.0,0.7353519201278687,0.6729736924171448
310,0.7368420958518982,0.5,0.5882353186607361,0.3076923191547394,0.5263158082962036,0.3571428656578064,0.0,0.0,0.8036141991615295,0.6563324928283691
311,0.380952388048172,0.3870967626571655,0.25,0.13793103396892548,0.3076923191547394,0.2777777910232544,0.0,0.0,0.6940115690231323,0.6458550095558167
312,0.1599999964237213,0.380952388048172,0.08695652335882187,0.31578946113586426,0.1599999964237213,0.380952388048172,0.0,0.0,0.6371269822120667,0.6922131776809692
313,0.48275861144065857,0.5789473652839661,0.29629629850387573,0.3333333432674408,0.4137931168079376,0.5263158082962036,0.0,0.12439007351913622,0.7015597224235535,0.7126049399375916
314,0.3529411852359772,0.4000000059604645,0.13333334028720856,0.17391304671764374,0.23529411852359772,0.3199999928474426,0.0,0.0,0.6545502543449402,0.6942414045333862
315,0.3030303120613098,0.5333333611488342,0.06896551698446274,0.4285714328289032,0.19354838132858276,0.5333333611488342,0.0,0.4813044661698256,0.6332222819328308,0.8012455105781555
316,0.3529411852359772,0.2857142984867096,0.14814814925193787,0.06666667014360428,0.3448275923728943,0.2857142984867096,0.0,0.0,0.6690415143966675,0.6548179388046265
317,0.3333333432674408,0.38461539149284363,0.1818181872367859,0.0833333358168602,0.31578946113586426,0.3076923191547394,0.0,0.0,0.6831346750259399,0.7074520587921143
318,0.47999998927116394,0.4516128897666931,0.260869562625885,0.27586206793785095,0.47999998927116394,0.4516128897666931,0.0,0.21649489928193122,0.7165868878364563,0.6834679245948792
319,0.3478260934352875,0.2857142984867096,0.095238097012043,0.07692307978868484,0.3478260934352875,0.2142857164144516,0.0,0.0,0.6490024328231812,0.6536168456077576
320,0.3529411852359772,0.3333333432674408,0.13333334028720856,0.09090909361839294,0.3529411852359772,0.25,0.0,0.0,0.5850419402122498,0.6286380290985107
321,0.23999999463558197,0.5517241358757019,0.10526315867900848,0.37037035822868347,0.190476194024086,0.48275861144065857,0.0,0.1781661003402091,0.6606701016426086,0.7319942116737366
322,0.4444444477558136,0.9629629850387573,0.375,0.8799999952316284,0.4444444477558136,0.9629629850387573,0.0,0.7483293841345244,0.7179065346717834,0.9183462858200073
323,0.30000001192092896,0.6153846383094788,0.0,0.4166666567325592,0.20000000298023224,0.5384615659713745,0.0,0.2308087288583725,0.5970993041992188,0.7099087834358215
324,0.695652186870575,0.6896551847457886,0.4761904776096344,0.4444444477558136,0.52173912525177,0.48275861144065857,0.0,0.3335910322759463,0.8204677700996399,0.7963059544563293
325,0.4000000059604645,0.2857142984867096,0.1428571492433548,0.10000000149011612,0.2666666805744171,0.190476194024086,0.0,0.0,0.6916420459747314,0.6559720635414124
326,0.875,0.6086956262588501,0.5714285969734192,0.380952388048172,0.75,0.52173912525177,0.0,0.19228544753133758,0.8380289673805237,0.7617424726486206
327,0.5263158082962036,0.47999998927116394,0.23529411852359772,0.260869562625885,0.31578946113586426,0.23999999463558197,0.0,0.0,0.7038769721984863,0.701723575592041
328,0.380952388048172,0.75,0.21052631735801697,0.46666666865348816,0.380952388048172,0.6060606241226196,0.0,0.27412292653919496,0.6736517548561096,0.766058087348938
329,0.8888888955116272,0.4444444477558136,0.5714285969734192,0.13793103396892548,0.8888888955116272,0.4444444477558136,0.0,0.0,0.8837878704071045,0.7400854825973511
330,0.6315789222717285,0.6153846383094788,0.23529411852359772,0.25,0.31578946113586426,0.38461539149284363,0.0,0.0,0.7681276202201843,0.7375719547271729
331,0.4000000059604645,0.4166666567325592,0.0,0.09090909361839294,0.2666666805744171,0.3333333432674408,0.0,0.0,0.70521080493927,0.659424364566803
332,0.43478259444236755,0.5185185074806213,0.11764705926179886,0.47999998927116394,0.3478260934352875,0.5185185074806213,0.0,0.24078435074822624,0.7650630474090576,0.7574191689491272
333,0.23529411852359772,0.17391304671764374,0.0,0.0,0.11764705926179886,0.1538461595773697,0.0,0.0,0.7071471214294434,0.6940039396286011
334,0.25,0.27272728085517883,0.0,0.0,0.125,0.09090909361839294,0.0,0.0,0.6003148555755615,0.6259810924530029
335,0.13333334028720856,0.3333333432674408,0.0,0.0,0.13333334028720856,0.1666666716337204,0.0,0.0,0.6465635895729065,0.6616078615188599
336,0.2222222238779068,0.4000000059604645,0.125,0.17391304671764374,0.2222222238779068,0.4000000059604645,0.0,0.0,0.6565993428230286,0.7157391905784607
337,0.380952388048172,0.3448275923728943,0.21052631735801697,0.14814814925193787,0.190476194024086,0.3448275923728943,0.0,0.0,0.6887328624725342,0.6979535818099976
338,0.2857142984867096,0.47058823704719543,0.07692307978868484,0.125,0.2142857164144516,0.3529411852359772,0.0,0.0,0.6808284521102905,0.6417567133903503
339,0.5,0.625,0.23076923191547394,0.5333333611488342,0.4285714328289032,0.625,0.0,0.0,0.7302371859550476,0.7394763231277466
340,0.8333333134651184,0.4166666567325592,0.4000000059604645,0.2142857164144516,0.6666666865348816,0.3333333432674408,0.0,0.0,0.8131834268569946,0.7452483177185059
341,0.4444444477558136,0.2222222238779068,0.25,0.125,0.4444444477558136,0.2222222238779068,0.0,0.0,0.7533547282218933,0.7333248853683472
342,0.3333333432674408,0.4285714328289032,0.25,0.1666666716337204,0.3333333432674408,0.3571428656578064,0.0,0.0,0.6951669454574585,0.6919627785682678
343,0.1818181872367859,0.25,0.10000000149011612,0.09090909361839294,0.1818181872367859,0.23076923191547394,0.0,0.0,0.6230387687683105,0.6214635968208313
344,0.4285714328289032,0.27272728085517883,0.1666666716337204,0.0,0.4285714328289032,0.27272728085517883,0.0,0.0,0.6877914071083069,0.66648268699646
345,0.8235294222831726,0.6666666865348816,0.5333333611488342,0.3870967626571655,0.8235294222831726,0.5833333134651184,0.5054229726989798,0.44024496898109367,0.8434527516365051,0.8012949228286743
346,0.21052631735801697,0.6000000238418579,0.0,0.1428571492433548,0.1666666716337204,0.4000000059604645,0.0,0.0,0.6299885511398315,0.7945671677589417
347,0.6315789222717285,0.8695651888847351,0.5882353186607361,0.761904776096344,0.6315789222717285,0.8695651888847351,0.0,0.651158213392685,0.7413479685783386,0.8636443614959717
348,0.7272727489471436,0.5517241358757019,0.6000000238418579,0.4444444477558136,0.7272727489471436,0.5517241358757019,0.0,0.42662196623863147,0.8270472884178162,0.8323943018913269
349,0.3529411852359772,0.42424243688583374,0.13333334028720856,0.12903225421905518,0.3529411852359772,0.3636363744735718,0.0,0.0,0.7013144493103027,0.6483619213104248
350,0.30000001192092896,0.3448275923728943,0.1111111119389534,0.14814814925193787,0.20000000298023224,0.3448275923728943,0.0,0.0,0.6225036382675171,0.7215976715087891
351,0.29411765933036804,0.3720930218696594,0.125,0.3199999928474426,0.25,0.37037035822868347,0.0,0.0,0.6546876430511475,0.6799602508544922
352,0.43478259444236755,0.7586206793785095,0.2857142984867096,0.6666666865348816,0.43478259444236755,0.7586206793785095,0.0,0.37841577467632326,0.6829416155815125,0.858750581741333
353,0.13333334028720856,0.29411765933036804,0.0,0.0625,0.13333334028720856,0.29411765933036804,0.0,0.0,0.6294920444488525,0.6780194640159607
354,0.23529411852359772,0.2857142984867096,0.0,0.17391304671764374,0.23529411852359772,0.2857142984867096,0.0,0.0,0.6597909927368164,0.7460471391677856
355,0.4285714328289032,0.4000000059604645,0.1666666716337204,0.095238097012043,0.3333333432674408,0.3199999928474426,0.0,0.0,0.6857766509056091,0.6466293931007385
356,0.5333333611488342,0.3636363744735718,0.3076923191547394,0.20000000298023224,0.5333333611488342,0.3636363744735718,0.0,0.1481394578697113,0.7672122716903687,0.6912878155708313
357,0.5263158082962036,0.4615384638309479,0.23529411852359772,0.25,0.42105263471603394,0.3076923191547394,0.0,0.0,0.7352100014686584,0.6803588271141052
358,0.43478259444236755,0.75,0.2857142984867096,0.5333333611488342,0.260869562625885,0.5,0.0,0.38053710786825434,0.6779841780662537,0.7942001819610596
359,0.2857142984867096,0.2666666805744171,0.21052631735801697,0.1428571492433548,0.2857142984867096,0.2666666805744171,0.0,0.0,0.6569841504096985,0.6805869340896606
360,0.7142857313156128,0.5714285969734192,0.3333333432674408,0.42105263471603394,0.4166666567325592,0.380952388048172,0.0,0.1656249489733203,0.7768977284431458,0.6970439553260803
361,0.125,0.3199999928474426,0.0,0.17391304671764374,0.125,0.3199999928474426,0.0,0.0,0.6007668972015381,0.6772587299346924
362,0.2068965584039688,0.29411765933036804,0.07407407462596893,0.0625,0.2068965584039688,0.1764705926179886,0.0,0.0,0.6194117665290833,0.6412104368209839
363,0.375,0.7586206793785095,0.10000000149011612,0.5185185074806213,0.375,0.7586206793785095,0.0,0.5265247062620694,0.6696864366531372,0.8065827488899231
364,0.4761904776096344,0.7272727489471436,0.21052631735801697,0.699999988079071,0.25,0.7272727489471436,0.0,0.3251693345989927,0.6683480143547058,0.8091386556625366
365,0.10000000149011612,0.5161290168762207,0.0,0.2068965584039688,0.10000000149011612,0.4516128897666931,0.0,0.0,0.5982389450073242,0.7739740014076233
366,0.07999999821186066,0.37037035822868347,0.0,0.1599999964237213,0.07999999821186066,0.37037035822868347,0.0,0.0,0.5851646661758423,0.6795335412025452
367,0.5882353186607361,0.75,0.5333333611488342,0.6363636255264282,0.5882353186607361,0.75,0.0,0.0,0.7209643721580505,0.8135165572166443
368,0.25806450843811035,0.1111111119389534,0.13793103396892548,0.0,0.2222222238779068,0.1111111119389534,0.0,0.0,0.7487947344779968,0.6017904281616211
369,0.2666666805744171,0.47058823704719543,0.1428571492433548,0.25,0.2666666805744171,0.4117647111415863,0.0,0.0,0.6646955609321594,0.6735604405403137
370,0.6153846383094788,0.52173912525177,0.3636363744735718,0.380952388048172,0.6153846383094788,0.52173912525177,0.0,0.0,0.7404782176017761,0.7338345646858215
371,0.4285714328289032,0.43478259444236755,0.0,0.095238097012043,0.2857142984867096,0.3478260934352875,0.0,0.0,0.796717643737793,0.7606278657913208
372,0.4285714328289032,0.6666666865348816,0.2142857164144516,0.30000001192092896,0.2857142984867096,0.4324324429035187,0.0,0.0,0.6731470227241516,0.7633476853370667
373,0.24242424964904785,0.20000000298023224,0.08695652335882187,0.10526315867900848,0.23999999463558197,0.20000000298023224,0.0,0.0,0.6479609608650208,0.6125767230987549
374,0.3636363744735718,0.3870967626571655,0.20000000298023224,0.2068965584039688,0.3636363744735718,0.25806450843811035,0.0,0.0,0.6869428753852844,0.6249063611030579
375,0.625,0.6206896305084229,0.4285714328289032,0.37037035822868347,0.375,0.48275861144065857,0.0,0.0,0.7732991576194763,0.787108302116394
376,0.2857142984867096,0.260869562625885,0.0,0.0,0.2857142984867096,0.260869562625885,0.0,0.0,0.6427798867225647,0.6096071004867554
377,0.6153846383094788,0.3870967626571655,0.3636363744735718,0.20000000298023224,0.3076923191547394,0.3636363744735718,0.4962644776757998,0.0,0.7172715067863464,0.6649377942085266
378,0.42105263471603394,0.4375,0.11764705926179886,0.10526315867900848,0.31578946113586426,0.3125,0.0,0.0,0.6611692905426025,0.658490777015686
379,0.2222222238779068,0.42424243688583374,0.0,0.06451612710952759,0.17391304671764374,0.24242424964904785,0.0,0.0,0.6079061031341553,0.6732253432273865
380,0.20000000298023224,0.5405405163764954,0.0714285746216774,0.22857142984867096,0.20000000298023224,0.4324324429035187,0.0,0.0,0.6234166026115417,0.7207262516021729
381,0.3636363744735718,0.4516128897666931,0.0,0.13793103396892548,0.27272728085517883,0.32258063554763794,0.0,0.0,0.7240106463432312,0.7117833495140076
382,0.2857142984867096,0.3870967626571655,0.0,0.06896551698446274,0.190476194024086,0.22857142984867096,0.0,0.0,0.64215087890625,0.6431511044502258
383,0.4285714328289032,0.40909090638160706,0.3333333432674408,0.2380952388048172,0.4285714328289032,0.40909090638160706,0.0,0.0,0.659214198589325,0.6588180065155029
384,0.3333333432674408,0.42105263471603394,0.20000000298023224,0.11764705926179886,0.3333333432674408,0.31578946113586426,0.0,0.0,0.6256499886512756,0.6687582731246948
385,0.2857142984867096,0.5454545617103577,0.10526315867900848,0.2380952388048172,0.190476194024086,0.5,0.0,0.0,0.5971323251724243,0.722441554069519
386,0.4166666567325592,0.4516128897666931,0.1818181872367859,0.4137931168079376,0.4166666567325592,0.4516128897666931,0.0,0.16624585042658738,0.6720596551895142,0.6946224570274353
387,0.3076923191547394,0.21621622145175934,0.1818181872367859,0.0,0.3076923191547394,0.10810811072587967,0.0,0.0,0.712995707988739,0.623784601688385
388,0.800000011920929,0.6896551847457886,0.7777777910232544,0.5925925970077515,0.800000011920929,0.6896551847457886,0.0,0.3774155035532907,0.8566257953643799,0.8163185119628906
389,0.3529411852359772,0.5833333134651184,0.13333334028720856,0.4545454680919647,0.3529411852359772,0.5833333134651184,0.0,0.0,0.6619671583175659,0.72092604637146
390,0.4166666567325592,0.46666666865348816,0.1818181872367859,0.14814814925193787,0.25,0.4000000059604645,0.0,0.0,0.6646098494529724,0.698654294013977
391,0.375,0.5263158082962036,0.1666666716337204,0.23529411852359772,0.2857142984867096,0.5263158082962036,0.0,0.30041915229862387,0.7745055556297302,0.7768433690071106
392,0.4000000059604645,0.4166666567325592,0.0,0.0,0.13333334028720856,0.25,0.0,0.0,0.6794771552085876,0.6806884407997131
393,0.2857142984867096,0.5333333611488342,0.0,0.4615384638309479,0.2857142984867096,0.5333333611488342,0.0,0.20158074753947833,0.7146531939506531,0.774665892124176
394,0.3125,0.29629629850387573,0.13333334028720856,0.07999999821186066,0.3125,0.2857142984867096,0.17727122852412705,0.0,0.6783648133277893,0.6812900900840759
395,0.10000000149011612,0.2666666805744171,0.0,0.0,0.10000000149011612,0.20000000298023224,0.0,0.0,0.6257041096687317,0.6382248997688293
396,0.5882353186607361,0.5,0.5333333611488342,0.190476194024086,0.5882353186607361,0.4000000059604645,0.0,0.0,0.7458359599113464,0.6973787546157837
397,0.5555555820465088,0.29629629850387573,0.25,0.09090909361839294,0.2857142984867096,0.2222222238779068,0.0,0.0,0.7484914660453796,0.7224497199058533
398,0.4761904776096344,0.37037035822868347,0.21052631735801697,0.1599999964237213,0.380952388048172,0.29629629850387573,0.0,0.0,0.6887216567993164,0.6919707655906677
399,0.5555555820465088,0.5714285969734192,0.375,0.3076923191547394,0.5555555820465088,0.3571428656578064,0.0,0.0,0.7075002193450928,0.6838144659996033
400,0.27272728085517883,0.2222222238779068,0.20000000298023224,0.1599999964237213,0.27272728085517883,0.2222222238779068,0.0,0.0,0.6877294778823853,0.6577734351158142
401,0.6000000238418579,0.4137931168079376,0.4444444477558136,0.29629629850387573,0.30000001192092896,0.25,0.0,0.0,0.703728199005127,0.6647886633872986
402,0.25,0.4000000059604645,0.0,0.1111111119389534,0.1818181872367859,0.30000001192092896,0.0,0.0,0.6652430295944214,0.6791685819625854
403,0.31578946113586426,0.4137931168079376,0.11764705926179886,0.14814814925193787,0.21052631735801697,0.3448275923728943,0.0,0.23666129325647894,0.6511291861534119,0.6842915415763855
404,0.25,0.3030303120613098,0.0,0.0,0.1666666716337204,0.12121212482452393,0.0,0.0,0.5952108502388,0.623174786567688
405,0.21052631735801697,0.260869562625885,0.0,0.0,0.21052631735801697,0.260869562625885,0.0,0.0,0.6353687047958374,0.7147542834281921
406,0.25,0.52173912525177,0.0,0.2857142984867096,0.25,0.3478260934352875,0.0,0.23210911117419966,0.6639028191566467,0.7645251154899597
407,0.1666666716337204,0.23529411852359772,0.0,0.13333334028720856,0.0833333358168602,0.23529411852359772,0.0,0.0,0.643493115901947,0.7004261612892151
408,0.4444444477558136,0.52173912525177,0.13333334028720856,0.2857142984867096,0.4444444477558136,0.3636363744735718,0.0,0.0,0.7409985065460205,0.714512825012207
409,0.380952388048172,0.4444444477558136,0.21052631735801697,0.23999999463558197,0.190476194024086,0.37037035822868347,0.0,0.0,0.6486860513687134,0.6844817996025085
410,0.4615384638309479,0.3636363744735718,0.3636363744735718,0.20000000298023224,0.4615384638309479,0.3636363744735718,0.0,0.21042990347620458,0.7577160000801086,0.7283793091773987
411,0.21052631735801697,0.2142857164144516,0.0,0.07692307978868484,0.1538461595773697,0.1428571492433548,0.0,0.0,0.6745617389678955,0.6633551120758057
412,0.1818181872367859,0.5,0.0,0.07692307978868484,0.1818181872367859,0.2857142984867096,0.0,0.0,0.6183679103851318,0.6382545828819275
413,0.3333333432674408,0.5714285969734192,0.20000000298023224,0.31578946113586426,0.3333333432674408,0.5714285969734192,0.0,0.0,0.6827955842018127,0.722984254360199
414,0.375,0.3636363744735718,0.1428571492433548,0.10000000149011612,0.375,0.27272728085517883,0.0,0.0,0.7282921075820923,0.6869773864746094
415,0.1818181872367859,0.20000000298023224,0.0,0.0,0.1818181872367859,0.20000000298023224,0.0,0.0,0.7596336603164673,0.6482139229774475
416,0.3636363744735718,0.3636363744735718,0.2222222238779068,0.20000000298023224,0.3636363744735718,0.3636363744735718,0.0,0.0,0.7262693047523499,0.6753078103065491
417,0.800000011920929,0.375,0.6153846383094788,0.1599999964237213,0.5,0.3125,0.0,0.0,0.8036805987358093,0.651584267616272
418,0.190476194024086,0.2666666805744171,0.10526315867900848,0.0,0.190476194024086,0.25806450843811035,0.0,0.0,0.6388674378395081,0.6716861724853516
419,0.5714285969734192,0.4444444477558136,0.42105263471603394,0.3199999928474426,0.2857142984867096,0.2222222238779068,0.0,0.0,0.7352619171142578,0.6829444766044617
420,0.21052631735801697,0.25,0.0,0.09090909361839294,0.20000000298023224,0.25,0.0,0.0,0.6332745552062988,0.6619126796722412
421,0.47058823704719543,0.4285714328289032,0.4000000059604645,0.23076923191547394,0.47058823704719543,0.3571428656578064,0.0,0.0,0.8055140376091003,0.7345290184020996
422,0.6666666865348816,0.43478259444236755,0.6153846383094788,0.2857142984867096,0.6666666865348816,0.260869562625885,0.16731227054577025,0.0,0.8304747343063354,0.7250664830207825
423,0.125,0.1666666716337204,0.0,0.0,0.125,0.1428571492433548,0.0,0.0,0.638076663017273,0.6068329811096191
424,0.38461539149284363,0.3030303120613098,0.1666666716337204,0.07407407462596893,0.23076923191547394,0.24242424964904785,0.0,0.0,0.6536388993263245,0.6666660904884338
425,0.380952388048172,0.32258063554763794,0.21052631735801697,0.13793103396892548,0.380952388048172,0.25806450843811035,0.0,0.0,0.688781201839447,0.66031813621521
426,0.4137931168079376,0.34285715222358704,0.07407407462596893,0.1818181872367859,0.3448275923728943,0.2857142984867096,0.0,0.0,0.6057499647140503,0.6123552322387695
427,0.47058823704719543,0.46666666865348816,0.27272728085517883,0.2857142984867096,0.4166666567325592,0.46666666865348816,0.0,0.2624310277292268,0.736630916595459,0.7600125074386597
428,0.1818181872367859,0.27272728085517883,0.0,0.20000000298023224,0.1818181872367859,0.27272728085517883,0.0,0.0,0.6357847452163696,0.6975119113922119
429,0.4615384638309479,0.5600000023841858,0.3636363744735718,0.52173912525177,0.4615384638309479,0.5600000023841858,0.0,0.25422541413895555,0.7865438461303711,0.7957395911216736
430,0.3076923191547394,0.2222222238779068,0.095238097012043,0.0,0.3076923191547394,0.2222222238779068,0.0,0.0,0.6771550178527832,0.687786877155304
431,0.4000000059604645,0.5833333134651184,0.190476194024086,0.3636363744735718,0.2666666805744171,0.5,0.0,0.20760470031302655,0.6611542105674744,0.7123879790306091
432,0.3333333432674408,0.695652186870575,0.0,0.2857142984867096,0.2222222238779068,0.6086956262588501,0.0,0.3527295712700594,0.6278133392333984,0.8031832575798035
433,0.3076923191547394,0.6206896305084229,0.25,0.37037035822868347,0.3076923191547394,0.48275861144065857,0.0,0.23275118953744553,0.6921369433403015,0.7332993745803833
434,0.6666666865348816,0.4117647111415863,0.4000000059604645,0.1818181872367859,0.6666666865348816,0.3333333432674408,0.0,0.0,0.8070306777954102,0.7251896262168884
435,0.8571428656578064,0.380952388048172,0.5,0.0,0.7142857313156128,0.2857142984867096,0.0,0.0,0.8052840828895569,0.6761350631713867
436,0.5714285969734192,0.4000000059604645,0.42105263471603394,0.2142857164144516,0.5714285969734192,0.2857142984867096,0.0,0.0,0.7529854774475098,0.6917169690132141
437,0.4000000059604645,0.38461539149284363,0.1538461595773697,0.1666666716337204,0.2857142984867096,0.38461539149284363,0.0,0.0,0.6327496767044067,0.6900895237922668
438,0.75,0.5,0.1428571492433548,0.1875,0.375,0.29411765933036804,0.0,0.0,0.7049516439437866,0.6394715309143066
439,0.5333333611488342,0.4166666567325592,0.31578946113586426,0.1666666716337204,0.5333333611488342,0.25,0.0,0.0,0.6894025206565857,0.6572619676589966
440,0.47999998927116394,0.5384615659713745,0.260869562625885,0.25,0.47999998927116394,0.4615384638309479,0.0,0.0,0.7163203358650208,0.6934247612953186
441,0.25,0.1666666716337204,0.1428571492433548,0.08695652335882187,0.25,0.1666666716337204,0.0,0.0,0.6118668913841248,0.5745484828948975
442,0.3529411852359772,0.2857142984867096,0.13333334028720856,0.1111111119389534,0.23529411852359772,0.2631579041481018,0.0,0.0,0.6736546158790588,0.6851544976234436
443,0.6666666865348816,0.695652186870575,0.4615384638309479,0.4761904776096344,0.4000000059604645,0.52173912525177,0.0,0.24202875575621302,0.7510719895362854,0.7972695827484131
444,0.1818181872367859,0.42424243688583374,0.0,0.19354838132858276,0.09090909361839294,0.42424243688583374,0.0,0.15151462450317926,0.6184911131858826,0.7327473163604736
445,0.4615384638309479,0.6428571343421936,0.21052631735801697,0.5384615659713745,0.3076923191547394,0.6428571343421936,0.0,0.25890790939055336,0.7120103240013123,0.7501842379570007
446,0.4545454680919647,0.43478259444236755,0.30000001192092896,0.20000000298023224,0.3636363744735718,0.3478260934352875,0.0,0.0,0.738699734210968,0.6605387926101685
447,0.4000000059604645,0.5185185074806213,0.2222222238779068,0.1599999964237213,0.4000000059604645,0.29629629850387573,0.0,0.0,0.6791768670082092,0.6788652539253235
448,0.3333333432674408,0.4000000059604645,0.0,0.0,0.3333333432674408,0.30000001192092896,0.0,0.0,0.66400545835495,0.684378445148468
449,0.4545454680919647,0.29629629850387573,0.20000000298023224,0.095238097012043,0.3636363744735718,0.29629629850387573,0.0,0.0,0.702293336391449,0.7280386090278625
450,0.30000001192092896,0.6206896305084229,0.1111111119389534,0.25,0.30000001192092896,0.48275861144065857,0.0,0.0,0.6453303694725037,0.7716978788375854
451,0.1111111119389534,0.3333333432674408,0.0,0.0714285746216774,0.1111111119389534,0.3333333432674408,0.0,0.0,0.6352241039276123,0.6641380786895752
452,0.23529411852359772,0.31578946113586426,0.13333334028720856,0.07692307978868484,0.23529411852359772,0.21052631735801697,0.0,0.0,0.6411059498786926,0.6402029991149902
453,0.800000011920929,0.5454545617103577,0.6153846383094788,0.4000000059604645,0.5333333611488342,0.3636363744735718,0.23263035362970588,0.2237935259275016,0.7960394620895386,0.7083208560943604
454,0.5333333611488342,0.3529411852359772,0.1538461595773697,0.125,0.4000000059604645,0.29411765933036804,0.0,0.0,0.7624830007553101,0.6365702152252197
455,0.7142857313156128,0.3478260934352875,0.1666666716337204,0.095238097012043,0.5714285969734192,0.3478260934352875,0.0,0.0,0.7421479821205139,0.6566340327262878
456,0.5882353186607361,0.5925925970077515,0.2666666805744171,0.1818181872367859,0.47058823704719543,0.5185185074806213,0.0,0.0,0.7201412320137024,0.7948273420333862
457,0.4545454680919647,0.5333333611488342,0.3199999928474426,0.3030303120613098,0.4444444477558136,0.46666666865348816,0.0,0.1849304691034943,0.7007237076759338,0.7119452953338623
458,0.20000000298023224,0.37037035822868347,0.0,0.0,0.20000000298023224,0.29629629850387573,0.0,0.0,0.5818982124328613,0.6095396876335144
459,0.6153846383094788,0.6451612710952759,0.3333333432674408,0.27586206793785095,0.5384615659713745,0.5161290168762207,0.2704256789811326,0.30913074459451806,0.7818284630775452,0.7752388715744019
460,0.3478260934352875,0.43478259444236755,0.190476194024086,0.06451612710952759,0.3478260934352875,0.3199999928474426,0.0,0.0,0.6907538771629333,0.6972909569740295
461,0.4545454680919647,0.48275861144065857,0.20000000298023224,0.29629629850387573,0.4545454680919647,0.48275861144065857,0.0,0.1967274688523915,0.679663360118866,0.7189906239509583
462,0.6315789222717285,0.3571428656578064,0.3529411852359772,0.1428571492433548,0.6315789222717285,0.3333333432674408,0.0,0.0,0.7766333818435669,0.6532005667686462
463,0.4444444477558136,0.4444444477558136,0.3333333432674408,0.23999999463558197,0.4285714328289032,0.29411765933036804,0.0,0.0,0.769286572933197,0.6853868961334229
464,0.4000000059604645,0.5384615659713745,0.1538461595773697,0.27272728085517883,0.4000000059604645,0.4166666567325592,0.0,0.0,0.7597365379333496,0.724628746509552
465,0.1818181872367859,0.4000000059604645,0.10000000149011612,0.260869562625885,0.1818181872367859,0.4000000059604645,0.0,0.18773749983024723,0.6295868158340454,0.6360370516777039
466,0.8888888955116272,0.6666666865348816,0.75,0.5454545617103577,0.8888888955116272,0.4166666567325592,0.6580370064762462,0.2404315522172745,0.8798149228096008,0.7238114476203918
467,0.6666666865348816,0.9090909361839294,0.4545454680919647,0.5806451439857483,0.5833333134651184,0.8484848737716675,0.0,0.44353395455270217,0.786819577217102,0.9000835418701172
468,0.6315789222717285,0.8205128312110901,0.47058823704719543,0.5405405163764954,0.47058823704719543,0.5641025900840759,0.0,0.39392661757434155,0.7101418375968933,0.7807719707489014
469,0.095238097012043,0.1764705926179886,0.0,0.0625,0.095238097012043,0.1764705926179886,0.0,0.0,0.5916780233383179,0.6018138527870178
470,0.5,0.38461539149284363,0.1428571492433548,0.0,0.5,0.23076923191547394,0.0,0.0,0.7003133893013,0.6722452044487
471,0.375,0.2777777910232544,0.2666666805744171,0.0,0.375,0.17391304671764374,0.0,0.0,0.6915402412414551,0.7105918526649475
472,0.6000000238418579,0.5714285969734192,0.4444444477558136,0.3076923191547394,0.6000000238418579,0.5,0.236682065782701,0.18038302998635977,0.7601284384727478,0.73415607213974
473,0.4285714328289032,0.4444444477558136,0.1666666716337204,0.07999999821186066,0.4285714328289032,0.2222222238779068,0.0,0.0,0.6739572882652283,0.7185470461845398
474,0.6666666865348816,0.3571428656578064,0.6315789222717285,0.07692307978868484,0.6666666865348816,0.2857142984867096,0.0,0.0,0.7897196412086487,0.6457268595695496
475,0.4761904776096344,0.5714285969734192,0.21052631735801697,0.42424243688583374,0.4285714328289032,0.4571428596973419,0.0,0.0,0.7186956405639648,0.7914398908615112
476,0.3333333432674408,0.5,0.1428571492433548,0.31578946113586426,0.3333333432674408,0.4000000059604645,0.0,0.15151462450317926,0.6338100433349609,0.7405718564987183
477,0.260869562625885,0.5625,0.190476194024086,0.20000000298023224,0.260869562625885,0.5,0.0,0.0,0.6353022456169128,0.7409191131591797
478,0.3243243098258972,0.27906978130340576,0.11428571492433548,0.09756097197532654,0.1621621549129486,0.1860465109348297,0.0,0.0,0.6693513989448547,0.6470016241073608
479,0.625,0.5714285969734192,0.4285714328289032,0.38461539149284363,0.625,0.3571428656578064,0.0,0.2094841271665114,0.7785151600837708,0.7466961741447449
480,0.47058823704719543,0.3199999928474426,0.4000000059604645,0.08695652335882187,0.47058823704719543,0.23999999463558197,0.0,0.0,0.65615314245224,0.698961079120636
481,0.7142857313156128,0.5384615659713745,0.3333333432674408,0.2857142984867096,0.7142857313156128,0.38461539149284363,0.0,0.241228649747977,0.8047198057174683,0.7771517634391785
482,0.47058823704719543,0.4166666567325592,0.2666666805744171,0.27272728085517883,0.23529411852359772,0.25,0.0,0.0,0.7613129615783691,0.724365770816803
483,0.2222222238779068,0.380952388048172,0.0,0.31578946113586426,0.2222222238779068,0.380952388048172,0.0,0.18773749983024723,0.7468389868736267,0.716789186000824
484,0.0714285746216774,0.2142857164144516,0.0,0.07692307978868484,0.0714285746216774,0.2142857164144516,0.0,0.0,0.5632432103157043,0.6215987205505371
485,0.2857142984867096,0.4615384638309479,0.1111111119389534,0.2702702581882477,0.2857142984867096,0.4615384638309479,0.0,0.0,0.6597514748573303,0.6792166233062744
486,0.20000000298023224,0.5185185074806213,0.1111111119389534,0.1599999964237213,0.20000000298023224,0.4444444477558136,0.0,0.0,0.6503162384033203,0.7500686645507812
487,0.5,0.47058823704719543,0.1428571492433548,0.3125,0.375,0.4545454680919647,0.0,0.3673341329152363,0.6898830533027649,0.7008883357048035
488,0.3636363744735718,0.75,0.1538461595773697,0.7142857313156128,0.3636363744735718,0.75,0.0,0.48837812857736956,0.653061032295227,0.8603696227073669
489,0.29629629850387573,0.3030303120613098,0.07999999821186066,0.0,0.21052631735801697,0.1818181872367859,0.0,0.0,0.6652083396911621,0.6767310500144958
490,0.4444444477558136,0.4000000059604645,0.05882352963089943,0.1538461595773697,0.3888888955116272,0.2666666805744171,0.1136025775201101,0.0,0.639212429523468,0.6715978384017944
491,0.8333333134651184,0.9629629850387573,0.7272727489471436,0.9599999785423279,0.8333333134651184,0.9629629850387573,0.44710186192584195,0.4557357796065329,0.8542081117630005,0.9088093638420105
492,0.4000000059604645,0.52173912525177,0.1666666716337204,0.190476194024086,0.4000000059604645,0.260869562625885,0.0,0.0,0.7061309814453125,0.7766693830490112
493,0.7272727489471436,0.5714285969734192,0.5,0.38461539149284363,0.7272727489471436,0.5714285969734192,0.0,0.25890790939055336,0.842468798160553,0.7688281536102295
494,0.380952388048172,0.3076923191547394,0.21052631735801697,0.1666666716337204,0.380952388048172,0.3076923191547394,0.0,0.0,0.729192852973938,0.6664671897888184
495,0.7368420958518982,0.6399999856948853,0.5882353186607361,0.52173912525177,0.7368420958518982,0.6399999856948853,0.3112878027628485,0.3168900267453786,0.8347604274749756,0.7581247687339783
496,0.52173912525177,0.48275861144065857,0.380952388048172,0.2666666805744171,0.38461539149284363,0.4375,0.0,0.16460051806455592,0.6951656937599182,0.7154176831245422
497,0.190476194024086,0.48275861144065857,0.0,0.29629629850387573,0.190476194024086,0.3448275923728943,0.0,0.16804500806702133,0.6782469153404236,0.7244483828544617
498,0.3636363744735718,0.38461539149284363,0.20000000298023224,0.0833333358168602,0.27272728085517883,0.38461539149284363,0.0,0.0,0.6500781774520874,0.6746153235435486
499,0.4615384638309479,0.3478260934352875,0.1428571492433548,0.0833333358168602,0.4615384638309479,0.2777777910232544,0.0,0.175376708746474,0.7306078672409058,0.6676878929138184
500,0.699999988079071,0.6153846383094788,0.4444444477558136,0.5,0.6000000238418579,0.6153846383094788,0.0,0.36227557436010244,0.7918022871017456,0.7898538708686829
501,0.7692307829856873,0.52173912525177,0.5454545617103577,0.42105263471603394,0.6666666865348816,0.4761904776096344,0.0,0.0,0.8483561873435974,0.7404831647872925
502,0.20000000298023224,0.2222222238779068,0.0833333358168602,0.0,0.20000000298023224,0.2222222238779068,0.0,0.0,0.6308701038360596,0.6103348135948181
503,0.7058823704719543,0.46666666865348816,0.4000000059604645,0.2142857164144516,0.5882353186607361,0.27272728085517883,0.19692104496063725,0.0,0.7970761060714722,0.7189462780952454
504,0.5,0.5,0.3333333432674408,0.27272728085517883,0.5,0.5,0.0,0.0,0.8013455867767334,0.7632203102111816
505,0.4615384638309479,0.38461539149284363,0.3636363744735718,0.190476194024086,0.4615384638309479,0.3478260934352875,0.0,0.0,0.7190771698951721,0.6896419525146484
506,0.7368420958518982,0.5833333134651184,0.5882353186607361,0.4545454680919647,0.7368420958518982,0.5833333134651184,0.0,0.4621411312276757,0.8572423458099365,0.8335986137390137
507,0.4166666567325592,0.5185185074806213,0.1818181872367859,0.23999999463558197,0.3333333432674408,0.48275861144065857,0.0,0.27665584600136245,0.6745623350143433,0.706642210483551
508,0.42105263471603394,0.7692307829856873,0.23529411852359772,0.4166666567325592,0.4000000059604645,0.6153846383094788,0.0,0.0,0.6845384240150452,0.8071120381355286
509,0.5555555820465088,0.6086956262588501,0.5,0.190476194024086,0.5555555820465088,0.52173912525177,0.0,0.0,0.7153193354606628,0.654208779335022
510,0.6000000238418579,0.4285714328289032,0.4444444477558136,0.1538461595773697,0.6000000238418579,0.3571428656578064,0.0,0.0,0.7883440852165222,0.7178283333778381
511,0.3076923191547394,0.4137931168079376,0.1818181872367859,0.1111111119389534,0.3076923191547394,0.3448275923728943,0.0,0.0,0.6538071632385254,0.6166039109230042
512,0.4000000059604645,0.3684210479259491,0.1538461595773697,0.2222222238779068,0.2142857164144516,0.2631579041481018,0.0,0.2245166162074563,0.6475812792778015,0.6831642389297485
513,0.625,0.4166666567325592,0.2857142984867096,0.1818181872367859,0.375,0.25,0.0,0.17694975149532557,0.8058872818946838,0.7464935779571533
514,0.4285714328289032,0.4545454680919647,0.13333334028720856,0.10000000149011612,0.4285714328289032,0.3636363744735718,0.0,0.0,0.7179151773452759,0.71010822057724
515,0.4444444477558136,0.5600000023841858,0.125,0.27586206793785095,0.380952388048172,0.47999998927116394,0.0,0.1976156515611396,0.7379952669143677,0.8073084950447083
516,0.25,0.25,0.0,0.06060606241226196,0.125,0.25,0.0,0.0,0.5996864438056946,0.6186563372612
517,0.4761904776096344,0.47058823704719543,0.21052631735801697,0.25,0.4000000059604645,0.47058823704719543,0.0,0.0,0.7153702974319458,0.7121950387954712
518,0.4000000059604645,0.3636363744735718,0.21052631735801697,0.06666667014360428,0.4000000059604645,0.2142857164144516,0.0,0.0,0.6382741928100586,0.6958227157592773
519,0.3333333432674408,0.3571428656578064,0.10526315867900848,0.1538461595773697,0.3333333432674408,0.2857142984867096,0.0,0.0,0.6977033019065857,0.6491355895996094
520,0.375,0.5263158082962036,0.2222222238779068,0.3529411852359772,0.3636363744735718,0.5263158082962036,0.0,0.3014335251508215,0.7068712711334229,0.7927383780479431
521,0.2666666805744171,0.3636363744735718,0.0,0.19354838132858276,0.1666666716337204,0.3030303120613098,0.0,0.15071676257541072,0.629457950592041,0.6819596886634827
522,0.1428571492433548,0.23076923191547394,0.0,0.0,0.1428571492433548,0.23076923191547394,0.0,0.0,0.5849871039390564,0.6063712239265442
523,0.2222222238779068,0.2666666805744171,0.0,0.0,0.2222222238779068,0.13333334028720856,0.0,0.0,0.639482319355011,0.6313399076461792
524,0.1764705926179886,0.4848484992980957,0.0,0.25806450843811035,0.1764705926179886,0.29411765933036804,0.0,0.0,0.605717658996582,0.7311614155769348
525,0.4000000059604645,0.27272728085517883,0.1111111119389534,0.07999999821186066,0.2666666805744171,0.2222222238779068,0.0,0.0,0.6771469116210938,0.619355320930481
526,0.4000000059604645,0.3076923191547394,0.11764705926179886,0.1666666716337204,0.21052631735801697,0.3076923191547394,0.0,0.0,0.7228718996047974,0.7169907689094543
527,0.43478259444236755,0.32258063554763794,0.190476194024086,0.13793103396892548,0.3478260934352875,0.25806450843811035,0.0,0.0,0.7028377056121826,0.6864598393440247
528,0.4761904776096344,0.4000000059604645,0.2222222238779068,0.17391304671764374,0.4000000059604645,0.3199999928474426,0.0,0.33948056376349867,0.6791099905967712,0.7624180912971497
529,0.380952388048172,0.4285714328289032,0.31578946113586426,0.3076923191547394,0.380952388048172,0.3571428656578064,0.0,0.21258844131063828,0.684479296207428,0.7168852090835571
530,0.3636363744735718,0.4516128897666931,0.1538461595773697,0.09090909361839294,0.27272728085517883,0.3333333432674408,0.0,0.0,0.652971625328064,0.6793280243873596
531,0.3333333432674408,0.190476194024086,0.11764705926179886,0.07999999821186066,0.21052631735801697,0.14814814925193787,0.0,0.0,0.7002912163734436,0.6371510624885559
532,0.23076923191547394,0.21621622145175934,0.0833333358168602,0.05714285746216774,0.23076923191547394,0.21621622145175934,0.0,0.0,0.6296671032905579,0.6308853030204773
533,0.5,0.3333333432674408,0.1599999964237213,0.12903225421905518,0.3333333432674408,0.2857142984867096,0.0,0.0,0.7106215953826904,0.6584459543228149
534,0.47058823704719543,0.3199999928474426,0.2666666805744171,0.17391304671764374,0.47058823704719543,0.3199999928474426,0.0,0.12858902882463452,0.746134340763092,0.6859838962554932
535,0.5,0.5714285969734192,0.1428571492433548,0.21052631735801697,0.5,0.4761904776096344,0.0,0.0,0.7059771418571472,0.6995266675949097
536,0.375,0.4137931168079376,0.1428571492433548,0.1818181872367859,0.25,0.4137931168079376,0.0,0.0,0.7148839831352234,0.6838893294334412
537,0.4166666567325592,0.3636363744735718,0.3636363744735718,0.2666666805744171,0.4166666567325592,0.3636363744735718,0.0,0.14025775160081475,0.6678938865661621,0.6258249282836914
538,0.6000000238418579,0.7200000286102295,0.23529411852359772,0.6086956262588501,0.5,0.7200000286102295,0.0,0.5411701427505521,0.7136738896369934,0.8611034750938416
539,0.43478259444236755,0.5161290168762207,0.2857142984867096,0.2068965584039688,0.3478260934352875,0.4516128897666931,0.0,0.0,0.6683512330055237,0.7371218800544739
540,0.42105263471603394,0.32258063554763794,0.0,0.06896551698446274,0.42105263471603394,0.32258063554763794,0.0,0.12962472880491877,0.6809626221656799,0.7026413083076477
541,0.2222222238779068,0.47999998927116394,0.0,0.17391304671764374,0.125,0.4000000059604645,0.0,0.280333420559771,0.6440171599388123,0.7253208160400391
542,0.31578946113586426,0.3571428656578064,0.2222222238779068,0.07692307978868484,0.30000001192092896,0.3571428656578064,0.0,0.0,0.6363409757614136,0.7255949378013611
543,0.0,0.260869562625885,0.0,0.095238097012043,0.0,0.260869562625885,0.0,0.0,0.565390944480896,0.6687337160110474
544,0.5454545617103577,0.4444444477558136,0.2222222238779068,0.13333334028720856,0.5454545617103577,0.3529411852359772,0.0,0.0,0.7150558829307556,0.7071963548660278
545,0.23529411852359772,0.3199999928474426,0.0,0.0,0.125,0.23999999463558197,0.0,0.0,0.6124550700187683,0.6827305555343628
546,0.4000000059604645,0.6666666865348816,0.0,0.2142857164144516,0.2666666805744171,0.4761904776096344,0.0,0.20247469739337648,0.7836820483207703,0.7399475574493408
547,0.5333333611488342,0.47999998927116394,0.3076923191547394,0.23529411852359772,0.5333333611488342,0.3333333432674408,0.0,0.0,0.7640171051025391,0.7578619122505188
548,0.42105263471603394,0.27586206793785095,0.23529411852359772,0.07407407462596893,0.31578946113586426,0.2068965584039688,0.0,0.0,0.6613231897354126,0.6354432702064514
549,0.625,0.4000000059604645,0.1599999964237213,0.12121212482452393,0.375,0.2857142984867096,0.0,0.0,0.746770441532135,0.7342814803123474
550,0.3478260934352875,0.19354838132858276,0.2857142984867096,0.0833333358168602,0.260869562625885,0.19354838132858276,0.0,0.0,0.6855310797691345,0.6871388554573059
551,0.31578946113586426,0.3076923191547394,0.23529411852359772,0.1666666716337204,0.31578946113586426,0.23076923191547394,0.0,0.0,0.6474672555923462,0.6500589847564697
552,0.380952388048172,0.5,0.31578946113586426,0.23076923191547394,0.380952388048172,0.5,0.0,0.0,0.6624796986579895,0.7408720254898071
553,0.4285714328289032,0.4761904776096344,0.1666666716337204,0.13793103396892548,0.4285714328289032,0.380952388048172,0.0,0.0,0.7212696075439453,0.71436607837677
554,0.5263158082962036,0.5263158082962036,0.3076923191547394,0.3888888955116272,0.5263158082962036,0.4736842215061188,0.0,0.0,0.7110534906387329,0.676180899143219
555,0.4615384638309479,0.4761904776096344,0.1818181872367859,0.21052631735801697,0.375,0.4761904776096344,0.0,0.0,0.7398626208305359,0.7148949503898621
556,0.4000000059604645,0.42105263471603394,0.1538461595773697,0.23529411852359772,0.4000000059604645,0.42105263471603394,0.0,0.38992498159039535,0.587630569934845,0.710143506526947
557,0.42105263471603394,0.4444444477558136,0.23529411852359772,0.3199999928474426,0.31578946113586426,0.4444444477558136,0.0,0.45298528719709075,0.6700539588928223,0.7806662917137146
558,0.380952388048172,0.6666666865348816,0.21052631735801697,0.47058823704719543,0.380952388048172,0.6666666865348816,0.0,0.3743698570337414,0.7057386040687561,0.785637617111206
559,0.6666666865348816,0.4615384638309479,0.375,0.3076923191547394,0.375,0.4615384638309479,0.0,0.17729842264695017,0.7586655020713806,0.7785351276397705
560,0.5,0.5600000023841858,0.4545454680919647,0.3571428656578064,0.5,0.5333333611488342,0.0,0.20934531874056875,0.7287086844444275,0.7401748895645142
561,0.0,0.5263158082962036,0.0,0.23529411852359772,0.0,0.42105263471603394,0.0,0.0,0.6564410924911499,0.7030014395713806
562,0.5,0.380952388048172,0.11764705926179886,0.07692307978868484,0.3333333432674408,0.2857142984867096,0.0,0.0,0.7523227334022522,0.6782665848731995
563,0.3076923191547394,0.21052631735801697,0.1818181872367859,0.11764705926179886,0.3076923191547394,0.21052631735801697,0.0,0.0,0.6878088116645813,0.6538628339767456
564,0.27272728085517883,0.5,0.20000000298023224,0.3076923191547394,0.27272728085517883,0.4285714328289032,0.0,0.15774545980684188,0.6500181555747986,0.7144932150840759
565,0.375,0.47999998927116394,0.0,0.08695652335882187,0.25,0.3199999928474426,0.0,0.0,0.6470664143562317,0.681705117225647
566,0.2857142984867096,0.37037035822868347,0.13333334028720856,0.095238097012043,0.2857142984867096,0.29629629850387573,0.0,0.0,0.6523552536964417,0.6845942139625549
567,0.6086956262588501,0.3870967626571655,0.42105263471603394,0.14814814925193787,0.52173912525177,0.27586206793785095,0.0,0.0,0.7052273154258728,0.6771324276924133
568,0.7368420958518982,0.6896551847457886,0.47058823704719543,0.5185185074806213,0.7368420958518982,0.6896551847457886,0.0,0.29456425448249246,0.8541253805160522,0.8190125226974487
569,0.5833333134651184,0.3076923191547394,0.3636363744735718,0.21621622145175934,0.5,0.3076923191547394,0.0,0.1959280139287724,0.7916318774223328,0.6544257998466492
570,0.695652186870575,0.5625,0.5714285969734192,0.4000000059604645,0.695652186870575,0.5,0.0,0.0,0.803961992263794,0.73310786485672
571,0.75,0.4545454680919647,0.5714285969734192,0.30000001192092896,0.75,0.4545454680919647,0.0,0.15071676257541072,0.8363672494888306,0.7718461155891418
572,0.8333333134651184,0.6363636255264282,0.6000000238418579,0.4000000059604645,0.8333333134651184,0.5454545617103577,0.0,0.1690653646485627,0.8592920303344727,0.8440466523170471
573,0.4000000059604645,0.6153846383094788,0.2222222238779068,0.3333333432674408,0.4000000059604645,0.4615384638309479,0.0,0.0,0.7124667167663574,0.7589077949523926
574,0.380952388048172,0.31111112236976624,0.21052631735801697,0.13953489065170288,0.2857142984867096,0.24242424964904785,0.0,0.0,0.6785986423492432,0.654619038105011
575,0.3333333432674408,0.5333333611488342,0.09090909361839294,0.1428571492433548,0.25,0.4000000059604645,0.0,0.17694975149532557,0.6817450523376465,0.7590023279190063
576,0.5882353186607361,0.5833333134651184,0.21052631735801697,0.1666666716337204,0.380952388048172,0.4545454680919647,0.0,0.0,0.7294991612434387,0.7151919603347778
577,0.4000000059604645,0.27586206793785095,0.2222222238779068,0.14814814925193787,0.30000001192092896,0.2068965584039688,0.0,0.0,0.6869074702262878,0.6531824469566345
578,0.7058823704719543,0.2857142984867096,0.4000000059604645,0.12903225421905518,0.5882353186607361,0.24242424964904785,0.0,0.0,0.7564070224761963,0.6746313571929932
579,0.31578946113586426,0.38461539149284363,0.0833333358168602,0.12903225421905518,0.23076923191547394,0.23076923191547394,0.0,0.0,0.6284400224685669,0.6848024725914001
580,0.1538461595773697,0.3333333432674408,0.0,0.0,0.1538461595773697,0.2222222238779068,0.0,0.0,0.6625857353210449,0.7121214866638184
581,0.47058823704719543,0.5,0.2666666805744171,0.15000000596046448,0.47058823704719543,0.5,0.0,0.3411488281065382,0.6902978420257568,0.729135274887085
582,0.3076923191547394,0.25806450843811035,0.25,0.13793103396892548,0.3076923191547394,0.19354838132858276,0.0,0.0,0.6653929352760315,0.6920581459999084
583,0.4000000059604645,0.17391304671764374,0.1428571492433548,0.09090909361839294,0.2666666805744171,0.17391304671764374,0.0,0.0,0.6312882900238037,0.6474161744117737
584,0.1538461595773697,0.4571428596973419,0.07692307978868484,0.3030303120613098,0.1538461595773697,0.4571428596973419,0.0,0.0,0.6027340888977051,0.6848883032798767
585,0.5333333611488342,0.5714285969734192,0.3076923191547394,0.10526315867900848,0.5333333611488342,0.4761904776096344,0.0,0.0,0.7269894480705261,0.7019495368003845
586,0.4545454680919647,0.6875,0.30000001192092896,0.3333333432674408,0.4545454680919647,0.5625,0.0,0.0,0.7406522631645203,0.790604829788208
587,0.380952388048172,0.3478260934352875,0.17391304671764374,0.190476194024086,0.2857142984867096,0.3478260934352875,0.0,0.0,0.6957822442054749,0.7142391800880432
588,0.5333333611488342,0.38461539149284363,0.3076923191547394,0.20000000298023224,0.4000000059604645,0.23529411852359772,0.0,0.0,0.7002092003822327,0.6935829520225525
589,0.3478260934352875,0.3448275923728943,0.1818181872367859,0.14814814925193787,0.3333333432674408,0.27586206793785095,0.0,0.14253911354181859,0.7771208882331848,0.7166373133659363
590,0.5263158082962036,0.6428571343421936,0.11764705926179886,0.23076923191547394,0.42105263471603394,0.3571428656578064,0.0,0.0,0.6904274225234985,0.7294823527336121
591,0.42105263471603394,0.4137931168079376,0.0,0.2222222238779068,0.31578946113586426,0.3448275923728943,0.0,0.0,0.6633172631263733,0.6976528167724609
592,0.699999988079071,0.6666666865348816,0.4444444477558136,0.3870967626571655,0.6000000238418579,0.3636363744735718,0.0,0.31823566221963034,0.7295480966567993,0.7744976282119751
593,0.7058823704719543,0.5806451439857483,0.5333333611488342,0.43478259444236755,0.7058823704719543,0.5600000023841858,0.0,0.0,0.8243470788002014,0.754977285861969
594,0.4444444477558136,0.23076923191547394,0.2857142984867096,0.0833333358168602,0.4444444477558136,0.23076923191547394,0.0,0.0,0.7318355441093445,0.746165931224823
595,0.6666666865348816,0.5454545617103577,0.4000000059604645,0.20000000298023224,0.6666666865348816,0.4545454680919647,0.0,0.0,0.8135652542114258,0.7870622873306274
596,0.5882353186607361,0.6399999856948853,0.4000000059604645,0.3478260934352875,0.5882353186607361,0.4000000059604645,0.0,0.0,0.7227898836135864,0.7119629979133606
597,0.5714285969734192,0.5454545617103577,0.4000000059604645,0.30000001192092896,0.47058823704719543,0.5454545617103577,0.0,0.0,0.7276406288146973,0.730408251285553
598,0.5882353186607361,0.24242424964904785,0.4000000059604645,0.0,0.47058823704719543,0.23076923191547394,0.0,0.0,0.6828333139419556,0.6339177489280701
599,0.25,0.3076923191547394,0.0,0.0833333358168602,0.25,0.2857142984867096,0.0,0.15512846920591886,0.5788078308105469,0.6987149119377136
600,0.5263158082962036,0.5161290168762207,0.23529411852359772,0.1538461595773697,0.5263158082962036,0.3571428656578064,0.0,0.0,0.735620379447937,0.6663330793380737
601,0.5263158082962036,0.5185185074806213,0.3529411852359772,0.23076923191547394,0.3333333432674408,0.37037035822868347,0.0,0.0,0.713699460029602,0.7343297004699707
602,0.625,0.5600000023841858,0.4285714328289032,0.260869562625885,0.375,0.47999998927116394,0.0,0.0,0.72022944688797,0.6605338454246521
603,0.6363636255264282,0.5517241358757019,0.4000000059604645,0.37037035822868347,0.3636363744735718,0.27586206793785095,0.0,0.0,0.7336451411247253,0.750758707523346
604,0.52173912525177,0.7096773982048035,0.380952388048172,0.5517241358757019,0.52173912525177,0.6451612710952759,0.0,0.39521628350268395,0.72574383020401,0.7819391489028931
605,0.1599999964237213,0.3076923191547394,0.08695652335882187,0.09090909361839294,0.1599999964237213,0.25,0.0,0.0,0.6541949510574341,0.690520703792572
606,0.3636363744735718,0.38461539149284363,0.20000000298023224,0.1666666716337204,0.1818181872367859,0.23076923191547394,0.0,0.0,0.666300356388092,0.6678292751312256
607,0.4444444477558136,0.5384615659713745,0.25,0.25,0.4444444477558136,0.4615384638309479,0.0,0.0,0.6966023445129395,0.7623876333236694
608,0.10000000149011612,0.19354838132858276,0.0,0.0,0.10000000149011612,0.07407407462596893,0.0,0.0,0.5897516012191772,0.6138309836387634
609,0.3636363744735718,0.47999998927116394,0.25806450843811035,0.25806450843811035,0.30000001192092896,0.3636363744735718,0.0,0.0,0.720529317855835,0.6946492791175842
610,0.42105263471603394,0.3448275923728943,0.1428571492433548,0.14814814925193787,0.42105263471603394,0.3448275923728943,0.0,0.0,0.657214343547821,0.6375475525856018
611,0.4000000059604645,0.25,0.2222222238779068,0.13333334028720856,0.4000000059604645,0.25,0.0,0.0,0.7053020596504211,0.6276992559432983
612,0.3333333432674408,0.5806451439857483,0.125,0.3448275923728943,0.3333333432674408,0.5161290168762207,0.0,0.2516441111691874,0.7053736448287964,0.7161661982536316
613,0.2857142984867096,0.37037035822868347,0.125,0.095238097012043,0.2222222238779068,0.37037035822868347,0.0,0.0,0.5700362920761108,0.6977246999740601
614,0.4000000059604645,0.52173912525177,0.25,0.190476194024086,0.3333333432674408,0.260869562625885,0.0,0.15936357366603363,0.6613508462905884,0.7261965274810791
615,0.42105263471603394,0.3448275923728943,0.11764705926179886,0.2222222238779068,0.42105263471603394,0.3448275923728943,0.0,0.23210911117419966,0.6781755089759827,0.6605141162872314
